seed,model,class_weight,attribute,arm,group,n,positives,prevalence,mean_pred,ece,ece_lo,ece_hi,signed_err,signed_lo,signed_hi,rel_signed_err,eligible
0,LR,none,race,raw,Caucasian,52305,4807,0.09190325972660357,0.09209923093486481,0.003960735613887741,0.0030789392063274986,0.0068699031638093724,0.0001959712082612447,-0.002320689013917842,0.0026070470244394708,0.0021323640624307063,True
0,LR,none,race,raw,AfricanAmerican,12627,1095,0.08671893561416014,0.08586839586595384,0.00580467525328884,0.004785635623027947,0.011671954038931875,-0.0008505397482062999,-0.005946841354450197,0.003982159796257886,-0.00980800493205566,True
0,LR,none,race,raw,Unknown,1917,141,0.07355242566510173,0.07452246022509278,0.01046467807424686,0.011142281866180395,0.02726605957516837,0.0009700345599910482,-0.010022932619278505,0.012407873825970502,0.013188342209239994,False
0,LR,none,race,raw,Other,1149,79,0.06875543951261967,0.06835170162703381,0.01941287446559677,0.016182605871735915,0.03924732753051743,-0.0004037378855858559,-0.015017100764288327,0.013520775922001276,-0.005872086462508207,True
0,LR,none,race,raw,Asian,488,41,0.08401639344262295,0.08438076304492886,0.02879976874897204,0.026089454151589822,0.062475303384164196,0.00036436960230591675,-0.02555610845616479,0.024031508484562147,0.0043368869737874976,True
0,LR,none,race,raw,Hispanic,1501,122,0.08127914723517655,0.08337527593512623,0.019171739071033693,0.014936739792635538,0.03705827816304063,0.0020961286999496703,-0.011247211563560348,0.015594683786445875,0.025789255562495533,True
0,LR,none,race,platt_global,Caucasian,52305,4807,0.09190325972660357,0.0917600125259333,0.002502864758432576,0.0022706356335746147,0.00585362197580808,-0.0001432472006702712,-0.00258892449634887,0.002322384576851918,-0.0015586737738836145,True
0,LR,none,race,platt_global,AfricanAmerican,12627,1095,0.08671893561416014,0.08610930441056756,0.004925768955076813,0.0048408455316634605,0.012005764256693524,-0.0006096312035925727,-0.005368936091607842,0.0040004464135244685,-0.007029966399783941,True
0,LR,none,race,platt_global,Unknown,1917,141,0.07355242566510173,0.07568954823239461,0.011455084356599659,0.010923915148915032,0.02822520162925557,0.0021371225672928845,-0.00945587189260054,0.0139979764658796,0.029055772776599,False
0,LR,none,race,platt_global,Other,1149,79,0.06875543951261967,0.07029125760060732,0.017819865796669658,0.015810588630666526,0.0382931850073741,0.0015358180879876532,-0.012587927068406392,0.014894820904702202,0.02233740484933941,True
0,LR,none,race,platt_global,Asian,488,41,0.08401639344262295,0.08513697247161976,0.030403497881440502,0.02766858102113892,0.06234573972662384,0.0011205790289968154,-0.02354822457198705,0.02369566872065067,0.013337623564645023,True
0,LR,none,race,platt_global,Hispanic,1501,122,0.08127914723517655,0.08402174234426109,0.02415409448458242,0.01600477646874009,0.03757399125383972,0.0027425951090845335,-0.009542699571512053,0.016686947079775572,0.033742911956851515,True
0,LR,none,race,iso_global,Caucasian,52305,4807,0.09190325972660357,0.09196317427057264,0.002792367854906005,0.002514307441288531,0.005735986778987413,5.9914543969072365e-05,-0.0023079782355981938,0.002492377174329165,0.0006519305642401353,True
0,LR,none,race,iso_global,AfricanAmerican,12627,1095,0.08671893561416014,0.0859186447845042,0.006153828153387022,0.0050834840172704005,0.01254030887896909,-0.0008002908296559363,-0.005667247502134565,0.00365822816008418,-0.009228559183621468,True
0,LR,none,race,iso_global,Unknown,1917,141,0.07355242566510173,0.07479517444341564,0.01642500740122459,0.012817566499686472,0.030138922232795736,0.0012427487783139152,-0.010521837601803067,0.011759480614165757,0.01689609509239557,False
0,LR,none,race,iso_global,Other,1149,79,0.06875543951261967,0.0686766361348644,0.01745685296627543,0.015064033750567045,0.03906697518649816,-7.88033777552738e-05,-0.015002505357689726,0.012965629827089303,-0.001146140266339362,True
0,LR,none,race,iso_global,Asian,488,41,0.08401639344262295,0.08431244674982626,0.040425019332361076,0.02704207273108932,0.06512211082735338,0.0002960533072033089,-0.025592280752679,0.023268969202153954,0.0035237564369564574,True
0,LR,none,race,iso_global,Hispanic,1501,122,0.08127914723517655,0.08382668189868134,0.016092613691789676,0.01556799858766649,0.03731627268127422,0.002547534663504783,-0.010513645582572931,0.015742924075823842,0.03134302893377606,True
0,LR,none,race,platt_group,Caucasian,52305,4807,0.09190325972660357,0.09141074043500654,0.0031871871229333494,0.0024307535582754124,0.006098391575101007,-0.000492519291597035,-0.002961764134193923,0.001972311639099273,-0.00535910579300664,True
0,LR,none,race,platt_group,AfricanAmerican,12627,1095,0.08671893561416014,0.08915974035518329,0.00833110889267806,0.006486666054482811,0.014355068570165554,0.0024408047410231504,-0.00238149888280864,0.0070046655812852215,0.02814615658894915,True
0,LR,none,race,platt_group,Unknown,1917,141,0.07355242566510173,0.07429898544279194,0.016033149316331208,0.013695987793496258,0.03291567791420161,0.0007465597776902116,-0.011522365341900419,0.011819155397506763,0.010150036126469046,False
0,LR,none,race,platt_group,Other,1149,79,0.06875543951261967,0.07029125760060732,0.017819865796669658,0.01628318242580835,0.03918736288543437,0.0015358180879876532,-0.013415692333427558,0.015694560043819535,0.02233740484933941,True
0,LR,none,race,platt_group,Asian,488,41,0.08401639344262295,0.08513697247161976,0.030403497881440502,0.026790799953527688,0.06309471954834776,0.0011205790289968154,-0.02334691264526253,0.024087228815405728,0.013337623564645023,True
0,LR,none,race,platt_group,Hispanic,1501,122,0.08127914723517655,0.08711647781975798,0.017381697277376474,0.014718089779992408,0.034775535646309697,0.005837330584581427,-0.00900955049874714,0.019402804955767985,0.07181830497915345,True
0,LR,none,race,iso_group,Caucasian,52305,4807,0.09190325972660357,0.09144825748860026,0.0035239409866122465,0.002960968239644158,0.006791553327604949,-0.0004550022380033075,-0.0030891623845815805,0.0018935325723345806,-0.0049508824752991475,True
0,LR,none,race,iso_group,AfricanAmerican,12627,1095,0.08671893561416014,0.08910354445568724,0.009676966631359064,0.007139624671271146,0.014845013433882231,0.0023846088415271083,-0.0028032083434689904,0.007358174770065577,0.02749813318900712,True
0,LR,none,race,iso_group,Unknown,1917,141,0.07355242566510173,0.07416929129093254,0.02443188642552935,0.017853964949506317,0.03795755294893771,0.000616865625830812,-0.011250614398541334,0.01136148856959221,0.008386747551189124,False
0,LR,none,race,iso_group,Other,1149,79,0.06875543951261967,0.0686766361348644,0.01745685296627543,0.015024938057057576,0.0372283829092171,-7.88033777552738e-05,-0.01433516565919911,0.014223780658560167,-0.001146140266339362,True
0,LR,none,race,iso_group,Asian,488,41,0.08401639344262295,0.08431244674982626,0.040425019332361076,0.027249064342213757,0.06342134228196436,0.0002960533072033089,-0.02659643701769303,0.02300346739856155,0.0035237564369564574,True
0,LR,none,race,iso_group,Hispanic,1501,122,0.08127914723517655,0.08850630792887877,0.030609866862486797,0.022437939235203798,0.045569130234865224,0.007227160693702217,-0.007162654561950133,0.020580717213906495,0.08891777214136908,True
0,LR,none,age,raw,[80-90),11110,1199,0.10792079207920792,0.10820155904775838,0.01284626064610082,0.010455905748448277,0.020460965931515925,0.0002807669685504638,-0.005601889581735995,0.005851481391717879,0.0026016021856510867,True
0,LR,none,age,raw,[90-100),1761,168,0.09540034071550256,0.09591262435178403,0.02991019249821148,0.020794228760698624,0.04490130812035718,0.0005122836362814742,-0.013526835476586369,0.013388968475373771,0.005369830258879024,True
0,LR,none,age,raw,[40-50),6828,506,0.07410661980082016,0.07253796375182985,0.008157092566382723,0.006549836232114393,0.015617367438718093,-0.0015686560489903134,-0.007379702539112901,0.004711891818760189,-0.02116755632906296,True
0,LR,none,age,raw,[50-60),12351,880,0.07124929155533966,0.07117196946816762,0.004634967933526939,0.004281770598052585,0.01081650039211629,-7.732208717203815e-05,-0.004648624737370962,0.004508639876698475,-0.0010852330666611854,True
0,LR,none,age,raw,[60-70),15688,1415,0.09019632840387558,0.0896543579073372,0.0037912130859174926,0.00395963497399695,0.010379146280904153,-0.0005419704965383826,-0.004816730134492098,0.003699116081733319,-0.006008786678229078,True
0,LR,none,age,raw,[70-80),17749,1817,0.10237196461772494,0.10290246709178359,0.004261503995071234,0.004132218480733347,0.010699987877771874,0.0005305024740586556,-0.004139167631877739,0.004726830287181644,0.005182106996184413,True
0,LR,none,age,raw,[20-30),1121,83,0.07404103479036575,0.07225244982122152,0.02412786692854689,0.01816909198048269,0.04255257683323891,-0.001788584969144233,-0.01782718751774582,0.012201344908329602,-0.024156671691695,True
0,LR,none,age,raw,[10-20),534,26,0.04868913857677903,0.05013655121351344,0.0263321785833427,0.018052037196025682,0.044643923007601276,0.0014474126367344103,-0.01786178928299718,0.01941004203699287,0.02972762876985289,True
0,LR,none,age,raw,[30-40),2692,188,0.06983655274888559,0.07407126378049089,0.007992037800411035,0.008804546022515656,0.021657676148736184,0.004234711031605304,-0.005735591699636408,0.013444626542367083,0.06063745796319935,True
0,LR,none,age,raw,[0-10),153,3,0.0196078431372549,0.024793436294368424,0.023750279844514343,0.020703165999919528,0.05381792390908597,0.005185593157113522,-0.020226781177663376,0.024607779995111316,0.26446525101278967,False
0,LR,none,age,platt_global,[80-90),11110,1199,0.10792079207920792,0.10642604689021684,0.010148281231577044,0.007547305112699028,0.016998847778749823,-0.0014947451889910784,-0.007688146845087803,0.004149972070328883,-0.013850391200743021,True
0,LR,none,age,platt_global,[90-100),1761,168,0.09540034071550256,0.0952803492002123,0.02649240584549906,0.01876192229567713,0.04254622830737592,-0.00011999151529025476,-0.014193150328128672,0.012507458771985152,-0.0012577682049174919,True
0,LR,none,age,platt_global,[40-50),6828,506,0.07410661980082016,0.07401763134608862,0.006859223505745613,0.005976478822147669,0.015304549539957971,-8.898845473154227e-05,-0.006508937928789906,0.006129162316050931,-0.001200816539341839,True
0,LR,none,age,platt_global,[50-60),12351,880,0.07124929155533966,0.07274863486690193,0.007391850607777775,0.006158753974902722,0.013266735549352784,0.0014993433115622762,-0.002748932603848108,0.005882122964209678,0.021043624137620082,True
0,LR,none,age,platt_global,[60-70),15688,1415,0.09019632840387558,0.08962908404338012,0.005474756458035937,0.004767534943396605,0.011444802102208752,-0.0005672443604954613,-0.005337252361602399,0.003999437113166618,-0.006288996132475475,True
0,LR,none,age,platt_global,[70-80),17749,1817,0.10237196461772494,0.10153838236510729,0.0030712762642432106,0.003670707334497896,0.009436935712358622,-0.0008335822526176484,-0.0055627162339963185,0.003365728475272393,-0.008142681013599693,True
0,LR,none,age,platt_global,[20-30),1121,83,0.07404103479036575,0.07369891077801098,0.022378168037420737,0.01883720764697226,0.04234961986248611,-0.0003421240123547692,-0.016927296024157237,0.013862675617558183,-0.004620735154815617,True
0,LR,none,age,platt_global,[10-20),534,26,0.04868913857677903,0.05285641766260045,0.018516537303096055,0.017877125765940076,0.04393018864389586,0.004167279085821422,-0.014281925641427334,0.022085499500328648,0.08558950122417844,True
0,LR,none,age,platt_global,[30-40),2692,188,0.06983655274888559,0.07533654819732999,0.012577516046120592,0.010386160349618437,0.02469161409543657,0.0054999954484444,-0.004187930685843709,0.014724021426401097,0.07875525397453365,True
0,LR,none,age,platt_global,[0-10),153,3,0.0196078431372549,0.02802728061799191,0.024999458475596332,0.02299677939686331,0.05618958256054014,0.008419437480737008,-0.015722614613158332,0.02708339222069437,0.4293913115175874,False
0,LR,none,age,iso_global,[80-90),11110,1199,0.10792079207920792,0.10767392977929816,0.011151913522583564,0.008814170460560633,0.018189229686049142,-0.00024686229990976416,-0.005747034982316103,0.0055436397237388834,-0.0022874396597143284,True
0,LR,none,age,iso_global,[90-100),1761,168,0.09540034071550256,0.09607223340025246,0.02727726433220925,0.021685309439055066,0.04290250893274908,0.0006718926847499029,-0.013066581145993211,0.014153807454608354,0.007042875106217732,True
0,LR,none,age,iso_global,[40-50),6828,506,0.07410661980082016,0.07292186329362164,0.00549989544473511,0.005540024150487818,0.013581745791897777,-0.0011847565071985144,-0.00693606069432068,0.0051519997432668664,-0.01598718859911355,True
0,LR,none,age,iso_global,[50-60),12351,880,0.07124929155533966,0.07151408261849461,0.008065963322592124,0.005537169558759042,0.013124872428697325,0.0002647910631549538,-0.0038923199788629004,0.004610534498418997,0.003716402751166857,True
0,LR,none,age,iso_global,[60-70),15688,1415,0.09019632840387558,0.08984383684997489,0.005700136120656561,0.004901100172143619,0.011878218524923084,-0.00035249155390068565,-0.005172402698483454,0.0041004570642341216,-0.003908047701479828,True
0,LR,none,age,iso_global,[70-80),17749,1817,0.10237196461772494,0.10245700388289368,0.005306120618607903,0.004512761805222253,0.01064530245512516,8.503926516874316e-05,-0.004720583090195548,0.004040581036283207,0.000830689002465615,True
0,LR,none,age,iso_global,[20-30),1121,83,0.07404103479036575,0.07259959709586387,0.022481277185459732,0.016317344112462915,0.040649636802335715,-0.0014414376945018764,-0.014979506792772993,0.01288475327868538,-0.019468092235380763,True
0,LR,none,age,iso_global,[10-20),534,26,0.04868913857677903,0.048286584310334994,0.013644529042555828,0.015176992249123307,0.040494186624647134,-0.0004025542664440329,-0.018032025092562135,0.016778701944544405,-0.008267845318504368,True
0,LR,none,age,iso_global,[30-40),2692,188,0.06983655274888559,0.07418643294733131,0.013602100999980224,0.011940173931167761,0.02643394893384395,0.004349880198445719,-0.004981808725945555,0.014164296459306877,0.06228658241604188,True
0,LR,none,age,iso_global,[0-10),153,3,0.0196078431372549,0.01835731798073944,0.019389558494703044,0.0146794498798086,0.04683473798992416,-0.0012505251565154626,-0.027073362243511402,0.017723739474856115,-0.0637767829822886,False
0,LR,none,age,platt_group,[80-90),11110,1199,0.10792079207920792,0.10695887821605886,0.0070088329266211735,0.005827243544548456,0.014470223516069474,-0.0009619138631490609,-0.006145117169394457,0.004829326554082289,-0.00891314680532616,True
0,LR,none,age,platt_group,[90-100),1761,168,0.09540034071550256,0.09686518173736491,0.019400197990138875,0.014856470070030664,0.03562800256719969,0.0014648410218623537,-0.012356561220371378,0.015770664786547445,0.015354672854164314,True
0,LR,none,age,platt_group,[40-50),6828,506,0.07410661980082016,0.07776883614914837,0.0057800246850982975,0.0055891449383406785,0.013933793956742341,0.0036622163483282094,-0.002856436144178449,0.009480922074038719,0.049418207957282634,True
0,LR,none,age,platt_group,[50-60),12351,880,0.07124929155533966,0.07259983566516261,0.004005316530473339,0.004349348682701786,0.010221857865570248,0.0013505441098229515,-0.0034726255821734948,0.0059148324685762465,0.018955193523208264,True
0,LR,none,age,platt_group,[60-70),15688,1415,0.09019632840387558,0.09163743392956382,0.004979547633946156,0.004521423930289103,0.010918086999339487,0.001441105525688241,-0.003005221675856113,0.005503966016470859,0.015977430026146378,True
0,LR,none,age,platt_group,[70-80),17749,1817,0.10237196461772494,0.10083122830265379,0.004230857184223298,0.003912904001122972,0.009937421936513549,-0.0015407363150711506,-0.006223571682727044,0.0023152152863302167,-0.015050373613757762,True
0,LR,none,age,platt_group,[20-30),1121,83,0.07404103479036575,0.07369891077801098,0.022378168037420737,0.01824462818261686,0.04291025738213941,-0.0003421240123547692,-0.015897941179784457,0.01452355560942696,-0.004620735154815617,True
0,LR,none,age,platt_group,[10-20),534,26,0.04868913857677903,0.05285641766260045,0.018516537303096055,0.017659863751512676,0.0429144364387813,0.004167279085821422,-0.016701531856532337,0.02024586219643077,0.08558950122417844,True
0,LR,none,age,platt_group,[30-40),2692,188,0.06983655274888559,0.06266165790603224,0.018564555241119985,0.011930225869494552,0.02752015324547154,-0.007174894842853344,-0.017053012165016278,0.0025011798483399253,-0.1027383878561766,True
0,LR,none,age,platt_group,[0-10),153,3,0.0196078431372549,0.02802728061799191,0.024999458475596332,0.022950305550723926,0.056925830233703616,0.008419437480737008,-0.01682256272097755,0.027943026317562056,0.4293913115175874,False
0,LR,none,age,iso_group,[80-90),11110,1199,0.10792079207920792,0.10775099623510281,0.009861816839060226,0.007273373432020798,0.016090314126161468,-0.00016979584410510562,-0.006122657880926095,0.005270684768556654,-0.0015733376380381347,True
0,LR,none,age,iso_group,[90-100),1761,168,0.09540034071550256,0.09670802932344126,0.027989452375693544,0.022164243343183048,0.04539343577896431,0.0013076886079387007,-0.013585727407199015,0.0139913559253624,0.013707378801071736,True
0,LR,none,age,iso_group,[40-50),6828,506,0.07410661980082016,0.07748304234170114,0.01601526542521619,0.01236171140960547,0.02346217358914795,0.003376422540880983,-0.002652670100038642,0.009427752144600593,0.045561685986433495,True
0,LR,none,age,iso_group,[50-60),12351,880,0.07124929155533966,0.07254693804242858,0.009411550420436107,0.007231424222119035,0.014799701269042174,0.0012976464870889243,-0.003789106477417889,0.005791546375008758,0.01821276336594921,True
0,LR,none,age,iso_group,[60-70),15688,1415,0.09019632840387558,0.09204407883477851,0.009132806910350164,0.0066848189625188965,0.014310947660352555,0.0018477504309029336,-0.002719285777607602,0.006622530744917623,0.020485871915198035,True
0,LR,none,age,iso_group,[70-80),17749,1817,0.10237196461772494,0.10094990317457121,0.006866388519593153,0.006328051890541271,0.012800523911439664,-0.0014220614431537243,-0.005642635560457187,0.0031741813515433316,-0.013891121934251764,True
0,LR,none,age,iso_group,[20-30),1121,83,0.07404103479036575,0.07259959709586387,0.022481277185459732,0.01782711695013612,0.04167997947236609,-0.0014414376945018764,-0.0160565232167132,0.01269538964997744,-0.019468092235380763,True
0,LR,none,age,iso_group,[10-20),534,26,0.04868913857677903,0.048286584310334994,0.013644529042555828,0.014793835479546756,0.040188550049873685,-0.0004025542664440329,-0.018146525980380933,0.016398135756495933,-0.008267845318504368,True
0,LR,none,age,iso_group,[30-40),2692,188,0.06983655274888559,0.06154650647093743,0.019584009514638904,0.014527294554819771,0.03025211876049995,-0.00829004627794816,-0.018365564127143633,0.001282838844690167,-0.11870640734168322,True
0,LR,none,age,iso_group,[0-10),153,3,0.0196078431372549,0.01835731798073944,0.019389558494703044,0.014579962893954477,0.04666238925858692,-0.0012505251565154626,-0.026862762727204368,0.018263404797590962,-0.0637767829822886,False
0,LR,none,gender,raw,Female,37239,3365,0.09036225462552701,0.09014505800271737,0.003999535866736467,0.00320202848545365,0.007687781468683037,-0.00021719662280964003,-0.0031260616802167773,0.002444179997910179,-0.002403621110492774,True
0,LR,none,gender,raw,Male,32748,2920,0.08916575058018811,0.08954190963264401,0.0036552666849964765,0.003069829678676396,0.007602336981985127,0.00037615905245590164,-0.0027908559906283433,0.003409436877619086,0.004218649537611598,True
0,LR,none,gender,platt_global,Female,37239,3365,0.09036225462552701,0.08996921305241595,0.002099648603760336,0.002356456029217964,0.00610558860486733,-0.00039304157311105536,-0.0031721254254682757,0.002347793368830156,-0.0043496211414807105,True
0,LR,none,gender,platt_global,Male,32748,2920,0.08916575058018811,0.08947023066665888,0.002540942526270999,0.002769682174578167,0.006966763819665143,0.00030448008647077085,-0.0029026031766158636,0.003354120511349233,0.003414765024570138,True
0,LR,none,gender,iso_global,Female,37239,3365,0.09036225462552701,0.08995876287047275,0.0020563900238375044,0.002480212153292477,0.006308491673816381,-0.00040349175505426105,-0.0034103884867287973,0.0023597496115712988,-0.004465268786468239,True
0,LR,none,gender,iso_global,Male,32748,2920,0.08916575058018811,0.08960285560197646,0.005739332140709607,0.0041617403347813985,0.008809092295558651,0.000437105021788356,-0.0028493852283621775,0.003294802685924988,0.004902162758056534,True
0,LR,none,gender,platt_group,Female,37239,3365,0.09036225462552701,0.09127833707249738,0.0020789501346296342,0.002604058853370727,0.006409806375519153,0.000916082446970376,-0.0020295321796804052,0.003892549689944723,0.010137888333649281,True
0,LR,none,gender,platt_group,Male,32748,2920,0.08916575058018811,0.08801004831816539,0.0021089477964324616,0.0026114229828623154,0.006699511025193137,-0.0011557022620227175,-0.004231077458381675,0.0018578240942426641,-0.012961280026273956,True
0,LR,none,gender,iso_group,Female,37239,3365,0.09036225462552701,0.09129103587823764,0.0035874594052020736,0.003218094887992058,0.007472888417741982,0.0009287812527106337,-0.00203700893304342,0.0036770966454504877,0.01027842052591123,True
0,LR,none,gender,iso_group,Male,32748,2920,0.08916575058018811,0.0883297466209773,0.00589783971611289,0.004262522725569768,0.009320082814626752,-0.0008360039592108098,-0.0036442799410029056,0.0023708064444263543,-0.009375841663094383,True
0,LR,balanced,race,raw,Caucasian,52305,4807,0.09190325972660357,0.4711696680091304,0.3792664082825267,0.37653782647592515,0.38167244577569875,0.37926640828252683,0.376609743700672,0.3819072058685279,4.126800392181728,True
0,LR,balanced,race,raw,AfricanAmerican,12627,1095,0.08671893561416014,0.45543680197418995,0.3687178663600298,0.3634520994431857,0.3739162246535191,0.3687178663600298,0.3634251161640076,0.37398732013765923,4.2518726013955215,True
0,LR,balanced,race,raw,Unknown,1917,141,0.07355242566510173,0.42463641733294166,0.35108399166783993,0.3383870631448677,0.36269042471673035,0.35108399166783993,0.3386725524059325,0.36323258092126426,4.773248312249994,False
0,LR,balanced,race,raw,Other,1149,79,0.06875543951261967,0.40273909032170047,0.3339836508090808,0.3176913047144575,0.34836769413102847,0.33398365080908077,0.3178790062494043,0.34895207250791616,4.857559680754858,True
0,LR,balanced,race,raw,Asian,488,41,0.08401639344262295,0.42938206733224804,0.34536567388962514,0.32326793608396737,0.3686730102099831,0.3453656738896251,0.3179277774345636,0.36893424641045824,4.1106938745887085,True
0,LR,balanced,race,raw,Hispanic,1501,122,0.08127914723517655,0.43865070809455914,0.35737156085938276,0.34357883221474217,0.37248920393939483,0.3573715608593826,0.34396592667956033,0.3713564318564587,4.39684190860601,True
0,LR,balanced,race,platt_global,Caucasian,52305,4807,0.09190325972660357,0.09162204489493996,0.002071187394306352,0.002150034828879941,0.005534113391390563,-0.00028121483166361483,-0.0027173177314984815,0.0021828942197423197,-0.003059900513868395,True
0,LR,balanced,race,platt_global,AfricanAmerican,12627,1095,0.08671893561416014,0.0867996554042887,0.004961304539545816,0.004310685716607775,0.011459503611775253,8.071979012856667e-05,-0.00467020927085141,0.004707029647416199,0.0009308208127428414,True
0,LR,balanced,race,platt_global,Unknown,1917,141,0.07355242566510173,0.07696032731347854,0.010883050508440089,0.01072205544349886,0.027883622362056146,0.0034079016483768154,-0.008109214434449266,0.015291285864515888,0.04633296070878266,False
0,LR,balanced,race,platt_global,Other,1149,79,0.06875543951261967,0.07226871930620328,0.017514636929511263,0.014836967272907078,0.03716834714237305,0.0035132797935836096,-0.010879830505119288,0.017067691710478408,0.051098208643386926,True
0,LR,balanced,race,platt_global,Asian,488,41,0.08401639344262295,0.07949419006067503,0.03694388017473558,0.029685838976700976,0.06894428415744544,-0.00452220338194792,-0.029243010084489245,0.018312473840016816,-0.05382525000952647,True
0,LR,balanced,race,platt_global,Hispanic,1501,122,0.08127914723517655,0.08281370194518918,0.01750470730981677,0.014363499373723878,0.03544684438740236,0.0015345547100126256,-0.010814731605373796,0.015516306845883508,0.018880054260073366,True
0,LR,balanced,race,iso_global,Caucasian,52305,4807,0.09190325972660357,0.09190861321293849,0.003743280249075733,0.003031045029806684,0.006844667475068806,5.353486334916391e-06,-0.002353820779359166,0.002477907045557719,5.825132156184769e-05,True
0,LR,balanced,race,iso_global,AfricanAmerican,12627,1095,0.08671893561416014,0.08661113828531371,0.004939729402038332,0.004591164658732773,0.011966429284954448,-0.00010779732884642901,-0.005050600580394393,0.004313362871073866,-0.0012430656359304648,True
0,LR,balanced,race,iso_global,Unknown,1917,141,0.07355242566510173,0.07569617465322395,0.014286180879550473,0.013249489180636592,0.029965975788046967,0.002143748988122224,-0.009679387697941008,0.012797144918367814,0.029145863902342573,False
0,LR,balanced,race,iso_global,Other,1149,79,0.06875543951261967,0.07057807766077871,0.024063563624470978,0.018958130591959808,0.04209011661603291,0.001822638148159042,-0.013256848552517339,0.015279084568548137,0.026509002939680244,True
0,LR,balanced,race,iso_global,Asian,488,41,0.08401639344262295,0.07798188460826787,0.031351402362704915,0.02651866308784541,0.06235273251185659,-0.006034508834355079,-0.03153292553326246,0.016670165453977565,-0.07182537344305558,True
0,LR,balanced,race,iso_global,Hispanic,1501,122,0.08127914723517655,0.0826937117804367,0.012637755833989262,0.01339314419371279,0.03368959969998077,0.0014145645452601496,-0.011539353170055076,0.01445426975585794,0.017403781823241676,True
0,LR,balanced,race,platt_group,Caucasian,52305,4807,0.09190325972660357,0.09145248030534982,0.002116326172011837,0.0021788833260964974,0.005729011191284105,-0.0004507794212537525,-0.0028831711947875766,0.002027381618550893,-0.00490493397725765,True
0,LR,balanced,race,platt_group,AfricanAmerican,12627,1095,0.08671893561416014,0.08915118596567295,0.007142982846704321,0.005872716873515228,0.013028033715612617,0.0024322503515128158,-0.0023809329926537766,0.006985232513694307,0.028047511587719016,True
0,LR,balanced,race,platt_group,Unknown,1917,141,0.07355242566510173,0.07431608143912011,0.01031732352350729,0.011461141367324998,0.028882455852049085,0.0007636557740183791,-0.011479018636839389,0.011870436946277764,0.010382468927611578,False
0,LR,balanced,race,platt_group,Other,1149,79,0.06875543951261967,0.07226871930620328,0.017514636929511263,0.014906531932071598,0.03749991112028107,0.0035132797935836096,-0.011245959413596818,0.017701464439646857,0.051098208643386926,True
0,LR,balanced,race,platt_group,Asian,488,41,0.08401639344262295,0.07949419006067503,0.03694388017473558,0.02932670526394956,0.0693496737494067,-0.00452220338194792,-0.028946615812599195,0.01853828811479652,-0.05382525000952647,True
0,LR,balanced,race,platt_group,Hispanic,1501,122,0.08127914723517655,0.085398011074532,0.01843264561503746,0.014850451324352958,0.03565001431989265,0.004118863839355447,-0.010765339818029325,0.017698062994937112,0.05067552969567644,True
0,LR,balanced,race,iso_group,Caucasian,52305,4807,0.09190325972660357,0.09149817952475614,0.004364391736226024,0.003342713835541808,0.007281473694933573,-0.00040508020184742977,-0.003044154898463906,0.0019323861359954357,-0.004407680457172834,True
0,LR,balanced,race,iso_group,AfricanAmerican,12627,1095,0.08671893561416014,0.08923914371818573,0.009544772395641547,0.00725896846446574,0.015333838569643656,0.0025202081040255897,-0.0026644618484114977,0.007535163031766447,0.02906179701327043,True
0,LR,balanced,race,iso_group,Unknown,1917,141,0.07355242566510173,0.07403182884407854,0.023214465850072433,0.018327694436930678,0.037800512551415914,0.00047940317897680884,-0.011259534236139469,0.011228990361666873,0.0065178432205570385,False
0,LR,balanced,race,iso_group,Other,1149,79,0.06875543951261967,0.07057807766077871,0.024063563624470978,0.019875151482621378,0.04280654447284736,0.001822638148159042,-0.012401042952765803,0.016238813980748005,0.026509002939680244,True
0,LR,balanced,race,iso_group,Asian,488,41,0.08401639344262295,0.07798188460826787,0.031351402362704915,0.02601230368288142,0.061750013773747905,-0.006034508834355079,-0.033313133625502984,0.016839816676821547,-0.07182537344305558,True
0,LR,balanced,race,iso_group,Hispanic,1501,122,0.08127914723517655,0.08579787197153997,0.012711785234435797,0.014114886777737937,0.03582451556023357,0.004518724736363416,-0.009599976280639076,0.018084686618057903,0.05559512974820891,True
0,LR,balanced,age,raw,[80-90),11110,1199,0.10792079207920792,0.5227904545920313,0.4148696625128236,0.40856731090901144,0.4203407809386915,0.4148696625128234,0.4090047097474751,0.42061987833178244,3.8442051297059785,True
0,LR,balanced,age,raw,[90-100),1761,168,0.09540034071550256,0.5006303260698052,0.40522998535430244,0.3899953752071787,0.4197558228980558,0.4052299853543026,0.39054927938728123,0.4189822550474754,4.247678596481707,True
0,LR,balanced,age,raw,[40-50),6828,506,0.07410661980082016,0.4149015340503109,0.3407949142494908,0.33421367942335367,0.34729299603509023,0.3407949142494907,0.3345657036871633,0.34725400514863436,4.598710819161111,True
0,LR,balanced,age,raw,[50-60),12351,880,0.07124929155533966,0.40496059872094436,0.33371130716560476,0.32941196381409926,0.3382647935894595,0.3337113071656047,0.3287212235032473,0.3386167803080241,4.683714039548163,True
0,LR,balanced,age,raw,[60-70),15688,1415,0.09019632840387558,0.46665243473126694,0.3764561063273915,0.37168036289493417,0.38091026855752375,0.37645610632739135,0.37200607416651427,0.3808191911609827,4.173740915946371,True
0,LR,balanced,age,raw,[70-80),17749,1817,0.10237196461772494,0.5044550923762777,0.4020831277585528,0.3974015518249881,0.40641514188319117,0.4020831277585528,0.39749001158383074,0.40639179891684324,3.9276683734653575,True
0,LR,balanced,age,raw,[20-30),1121,83,0.07404103479036575,0.3959202519342932,0.3218792171439274,0.3065244360980844,0.3365727083362208,0.3218792171439274,0.30513129318757437,0.3362762113004396,4.347308462871598,True
0,LR,balanced,age,raw,[10-20),534,26,0.04868913857677903,0.30628701607097497,0.25759787749419594,0.2357476963621028,0.2775851114784638,0.25759787749419594,0.23688296688896085,0.2793748918737702,5.2906640993038705,True
0,LR,balanced,age,raw,[30-40),2692,188,0.06983655274888559,0.4126119468745495,0.34277539412566393,0.33225052653334464,0.35283219558091905,0.34277539412566393,0.3325485140606649,0.3529313770233206,4.908251920139826,True
0,LR,balanced,age,raw,[0-10),153,3,0.0196078431372549,0.15083874247784826,0.13123089934059337,0.10970605056100165,0.1588678178058666,0.13123089934059334,0.10140233916097906,0.1576611991887041,6.692775866370261,False
0,LR,balanced,age,platt_global,[80-90),11110,1199,0.10792079207920792,0.10725657923518479,0.0075962975714603895,0.0065435849297864924,0.015545399216491116,-0.0006642128440231265,-0.006802495418000395,0.005042840142653284,-0.006154632774893191,True
0,LR,balanced,age,platt_global,[90-100),1761,168,0.09540034071550256,0.09842810741951347,0.026843906837633658,0.020914588186754384,0.0430909908255513,0.0030277667040109063,-0.011168925166443756,0.015828325307477947,0.031737483129542894,True
0,LR,balanced,age,platt_global,[40-50),6828,506,0.07410661980082016,0.07498260517285024,0.0077827111447565395,0.0059844922053925035,0.015447389789751522,0.0008759853720300831,-0.005502674746809089,0.007064567037657348,0.011820608933243886,True
0,LR,balanced,age,platt_global,[50-60),12351,880,0.07124929155533966,0.07281854475275161,0.007150697992302163,0.0057029246436843956,0.012899879969129628,0.0015692531974119545,-0.0026502872154101275,0.005995082016974702,0.022024825274130737,True
0,LR,balanced,age,platt_global,[60-70),15688,1415,0.09019632840387558,0.08908715213857729,0.007118368918367487,0.00535948823198543,0.012499024786508802,-0.0011091762652982867,-0.005861733547161946,0.003467362866801558,-0.012297354946996127,True
0,LR,balanced,age,platt_global,[70-80),17749,1817,0.10237196461772494,0.10100964721327686,0.007258165874232155,0.005252118577945234,0.01193669335297167,-0.001362317404448074,-0.006114083804577464,0.002873642156521055,-0.013307524277132013,True
0,LR,balanced,age,platt_global,[20-30),1121,83,0.07404103479036575,0.07260604195448486,0.025975566979308938,0.018722491776457417,0.044623670886193866,-0.0014349928358808883,-0.017677824718117116,0.012612194400479136,-0.0193810478195479,True
0,LR,balanced,age,platt_global,[10-20),534,26,0.04868913857677903,0.05371611100297595,0.013591382576583684,0.016765373968267078,0.04054681293011485,0.005026972426196923,-0.013359800342154282,0.02255415566309675,0.10324627983035217,True
0,LR,balanced,age,platt_global,[30-40),2692,188,0.06983655274888559,0.0748520634991411,0.011788158665981232,0.01087084049940272,0.025296603128434524,0.005015510750255511,-0.004719749236971066,0.014181675661171202,0.07181784542387147,True
0,LR,balanced,age,platt_global,[0-10),153,3,0.0196078431372549,0.023947549784728493,0.022812804036052257,0.01754965124950793,0.051545744778774764,0.004339706647473591,-0.018881419776142917,0.02283312336468564,0.22132503902115314,False
0,LR,balanced,age,iso_global,[80-90),11110,1199,0.10792079207920792,0.10885947367413856,0.010784856187331384,0.008984375612486988,0.018224093473109316,0.0009386815949306432,-0.004534683061897723,0.0066794513536460876,0.00869787532917385,True
0,LR,balanced,age,iso_global,[90-100),1761,168,0.09540034071550256,0.09962847740193678,0.025124277497882527,0.02042709774013735,0.04151167483497274,0.004228136686434222,-0.00943683241405807,0.017508893149693054,0.04431993276673015,True
0,LR,balanced,age,iso_global,[40-50),6828,506,0.07410661980082016,0.07372803606850666,0.005205269871391895,0.005383948609966921,0.013953446933674124,-0.0003785837323135033,-0.00616651608206307,0.006063635134735867,-0.005108635818649407,True
0,LR,balanced,age,iso_global,[50-60),12351,880,0.07124929155533966,0.07122800801255759,0.0060714115131664526,0.004787375101597041,0.011445064473085392,-2.1283542782066234e-05,-0.00415886286442701,0.004263536073774666,-0.00029871936011511364,True
0,LR,balanced,age,iso_global,[60-70),15688,1415,0.09019632840387558,0.08919032131429853,0.005256800884432375,0.004822735778668345,0.011315670892915408,-0.0010060070895770434,-0.005757400165720127,0.0034848458122897583,-0.01115352595143792,True
0,LR,balanced,age,iso_global,[70-80),17749,1817,0.10237196461772494,0.10218698553562952,0.003911589905175007,0.004163710309973515,0.010255879637776782,-0.00018497908209541558,-0.004876505741163982,0.003860523667130048,-0.0018069310556475132,True
0,LR,balanced,age,iso_global,[20-30),1121,83,0.07404103479036575,0.07168075669666095,0.017251712464337148,0.014382930852335446,0.0369308485640486,-0.0023602780937048012,-0.01591511333643522,0.011785203793778216,-0.03187797280774798,True
0,LR,balanced,age,iso_global,[10-20),534,26,0.04868913857677903,0.05038641826217043,0.021588956575563593,0.018268413217625012,0.04420899880536482,0.0016972796853914063,-0.016408689545690122,0.019142650119958814,0.034859513538423495,True
0,LR,balanced,age,iso_global,[30-40),2692,188,0.06983655274888559,0.07362050447414684,0.010491729985466103,0.010953188902064525,0.024492223805718524,0.0037839517252612476,-0.005696361236740098,0.013535989685296746,0.05418296832129403,True
0,LR,balanced,age,iso_global,[0-10),153,3,0.0196078431372549,0.018908216848518986,0.019388721885737596,0.013332416582430307,0.04896705334405804,-0.0006996262887359155,-0.027316937253545066,0.018430223715718917,-0.03568094072553169,False
0,LR,balanced,age,platt_group,[80-90),11110,1199,0.10792079207920792,0.10702305239115094,0.007793622273645381,0.00630476606817204,0.015123457805619198,-0.000897739688056981,-0.006116587719434867,0.004865812154622831,-0.008318505366399548,True
0,LR,balanced,age,platt_group,[90-100),1761,168,0.09540034071550256,0.09710566121174115,0.016490202289623994,0.014178140538159661,0.03461663070503813,0.0017053204962385882,-0.012142522549809041,0.016024745872901206,0.017875413058786628,True
0,LR,balanced,age,platt_group,[40-50),6828,506,0.07410661980082016,0.07770430778675168,0.0055829977279326665,0.005921594442778893,0.014958322500082808,0.003597687985931519,-0.0028635256865366687,0.00943077828906141,0.04854745764415101,True
0,LR,balanced,age,platt_group,[50-60),12351,880,0.07124929155533966,0.07256014339507243,0.004038674218790487,0.004000110899720752,0.009795036515478073,0.0013108518397327712,-0.003488322142191059,0.00585205151213042,0.01839810349152211,True
0,LR,balanced,age,platt_group,[60-70),15688,1415,0.09019632840387558,0.0916467124862529,0.004866023551739229,0.004686753299439293,0.01129055731429969,0.0014503840823773262,-0.002981242049568817,0.005580836311017902,0.016080300695643458,True
0,LR,balanced,age,platt_group,[70-80),17749,1817,0.10237196461772494,0.10088928264342768,0.006636791556844783,0.004783673512026876,0.011777798283442551,-0.0014826819742972536,-0.0061692276910925055,0.002392380219750216,-0.014483281431921825,True
0,LR,balanced,age,platt_group,[20-30),1121,83,0.07404103479036575,0.07260604195448486,0.025975566979308938,0.018522562103681015,0.04411402495787417,-0.0014349928358808883,-0.01701139945696072,0.013517866527851948,-0.0193810478195479,True
0,LR,balanced,age,platt_group,[10-20),534,26,0.04868913857677903,0.05371611100297595,0.013591382576583684,0.015984919838752158,0.0410733115973678,0.005026972426196923,-0.015507616296055002,0.021227837769584066,0.10324627983035217,True
0,LR,balanced,age,platt_group,[30-40),2692,188,0.06983655274888559,0.06254836888818477,0.012268510340141814,0.009847335580677992,0.023818158370585558,-0.00728818386070082,-0.017145625099391132,0.002343740960561749,-0.10436059017556705,True
0,LR,balanced,age,platt_group,[0-10),153,3,0.0196078431372549,0.023947549784728493,0.022812804036052257,0.017466367288358674,0.050990045101412876,0.004339706647473591,-0.02065365315284516,0.023748419768972632,0.22132503902115314,False
0,LR,balanced,age,iso_group,[80-90),11110,1199,0.10792079207920792,0.10802400129772974,0.009013159261608237,0.007467362246517072,0.01594347340692252,0.00010320921852181864,-0.005835890097708208,0.005649690997508121,0.000956342300064558,True
0,LR,balanced,age,iso_group,[90-100),1761,168,0.09540034071550256,0.0977506420037856,0.029820137782089855,0.020426607036730923,0.04499010031730218,0.0023503012882830354,-0.012553316756262142,0.014948804830645682,0.024636193861109674,True
0,LR,balanced,age,iso_group,[40-50),6828,506,0.07410661980082016,0.07732132633064055,0.013591231041553598,0.010868715234532943,0.02104876076913802,0.0032147065298203936,-0.0028798779590553116,0.009327444996096803,0.04337947862769495,True
0,LR,balanced,age,iso_group,[50-60),12351,880,0.07124929155533966,0.07269461611585179,0.00897608941433397,0.006708438521323484,0.01469756248577467,0.0014453245605121345,-0.003661490541469906,0.005932699032170803,0.020285458689642467,True
0,LR,balanced,age,iso_group,[60-70),15688,1415,0.09019632840387558,0.09200458056328953,0.007907896642968235,0.005731717120701213,0.013530289839158063,0.0018082521594139506,-0.0027082118921879605,0.0065385791695858906,0.020047957510166824,True
0,LR,balanced,age,iso_group,[70-80),17749,1817,0.10237196461772494,0.10101689026715109,0.009213179897971104,0.00690689892023033,0.014269481476901835,-0.0013550743505738455,-0.005750236711600743,0.003113990750139418,-0.013236771958357284,True
0,LR,balanced,age,iso_group,[20-30),1121,83,0.07404103479036575,0.07168075669666095,0.017251712464337148,0.015143611164287701,0.03791963047420274,-0.0023602780937048012,-0.016696614380273367,0.011589278680097013,-0.03187797280774798,True
0,LR,balanced,age,iso_group,[10-20),534,26,0.04868913857677903,0.05038641826217043,0.021588956575563593,0.01741996111064483,0.045602612470104636,0.0016972796853914063,-0.016153698762115833,0.018652431105942432,0.034859513538423495,True
0,LR,balanced,age,iso_group,[30-40),2692,188,0.06983655274888559,0.06093406737135146,0.014036442728381514,0.011920811746148292,0.0263027609524159,-0.00890248537753413,-0.019211164831716036,0.0005026513551910164,-0.12747601402298872,True
0,LR,balanced,age,iso_group,[0-10),153,3,0.0196078431372549,0.018908216848518986,0.019388721885737596,0.013197380006160584,0.04825925133863114,-0.0006996262887359155,-0.026446051212380504,0.01868315071377194,-0.03568094072553169,False
0,LR,balanced,gender,raw,Female,37239,3365,0.09036225462552701,0.46456022903915867,0.3741979744136315,0.3712776212881234,0.37701226198230764,0.3741979744136317,0.37107613592512045,0.3771760533736853,4.141087182522802,True
0,LR,balanced,gender,raw,Male,32748,2920,0.08916575058018811,0.465381092068871,0.3762153414886827,0.37294461716385585,0.3794689223528213,0.3762153414886829,0.3730278384799047,0.37950274258613154,4.219280822969653,True
0,LR,balanced,gender,platt_global,Female,37239,3365,0.09036225462552701,0.08990919844802904,0.0029904229139103206,0.002523140572499835,0.006859916676949411,-0.000453056177497968,-0.003258689775743057,0.002323010847242895,-0.005013776818379444,True
0,LR,balanced,gender,platt_global,Male,32748,2920,0.08916575058018811,0.08958861314662694,0.002392266635524658,0.002638546029455187,0.006612130599923141,0.00042286256643883635,-0.0027927505430846685,0.0034672844815169814,0.004742432645801031,True
0,LR,balanced,gender,iso_global,Female,37239,3365,0.09036225462552701,0.09002212961992612,0.0036738445527154428,0.0029335812032516787,0.007322566956060023,-0.00034012500560089143,-0.0033148852579110905,0.0024324546218982023,-0.0037640163695606523,True
0,LR,balanced,gender,iso_global,Male,32748,2920,0.08916575058018811,0.08968385768378861,0.0046806546612554395,0.0038058079766664123,0.008314912607289037,0.0005181071036005069,-0.0028063081299624505,0.0033891892373866883,0.005810606653667603,True
0,LR,balanced,gender,platt_group,Female,37239,3365,0.09036225462552701,0.09132664705057042,0.0037996553150194865,0.0029461162089363425,0.007225903420226235,0.0009643924250434116,-0.0019914790800299883,0.003961671281553791,0.010672513972122318,True
0,LR,balanced,gender,platt_group,Male,32748,2920,0.08916575058018811,0.08800393078953969,0.0030722499929364913,0.0028970449809983833,0.007122424351324353,-0.0011618197906484162,-0.004241982575398136,0.0018414803748722616,-0.013029888528819977,True
0,LR,balanced,gender,iso_group,Female,37239,3365,0.09036225462552701,0.09137149734642869,0.0056442428530369855,0.0047888325092129485,0.009333877819409435,0.001009242720901679,-0.0019240502217805432,0.003756068372587606,0.011168852803464377,True
0,LR,balanced,gender,iso_group,Male,32748,2920,0.08916575058018811,0.08819100421483653,0.006631525996360667,0.004995351076644057,0.010337499520042431,-0.0009747463653515809,-0.0037479236721599824,0.002224649322193585,-0.01093184725086766,True
0,RF,none,race,raw,Caucasian,52305,4807,0.09190325972660357,0.09118931766344279,0.013582717873181441,0.011902091942791326,0.016131980991692003,-0.0007139420631607774,-0.0031175418771897277,0.0017079816876346412,-0.007768408490456514,True
0,RF,none,race,raw,AfricanAmerican,12627,1095,0.08671893561416014,0.08621091784902432,0.011122973035829127,0.009062460640427789,0.016990754052683972,-0.0005080177651358153,-0.00557695565892461,0.004391059294438452,-0.005858210338237388,True
0,RF,none,race,raw,Unknown,1917,141,0.07355242566510173,0.08433960204207834,0.02172767281687332,0.017856862887929304,0.03621120661386444,0.010787176376976612,-0.00027567116402159287,0.022100701652007178,0.14665969584868202,False
0,RF,none,race,raw,Other,1149,79,0.06875543951261967,0.08390237443511361,0.02158758641534104,0.018774256180884942,0.04012699636200474,0.015146934922493943,0.0004053504567824989,0.02902590738203577,0.2203016231132347,True
0,RF,none,race,raw,Asian,488,41,0.08401639344262295,0.08403523536206073,0.04543910410229654,0.03724671001150188,0.07553897393762674,1.8841919437781462e-05,-0.02664936842610316,0.023210353138498518,0.00022426479721066717,True
0,RF,none,race,raw,Hispanic,1501,122,0.08127914723517655,0.08491990857410091,0.028023836284944544,0.021771541856926275,0.043389036253168645,0.003640761338924353,-0.009713406827428984,0.01705837039040199,0.044793301391192246,True
0,RF,none,race,platt_global,Caucasian,52305,4807,0.09190325972660357,0.0915785042931994,0.0034628511918645476,0.0030185678535535163,0.0066114495748295955,-0.0003247554334041697,-0.0027568760034467604,0.0021299148972663416,-0.003533666100313105,True
0,RF,none,race,platt_global,AfricanAmerican,12627,1095,0.08671893561416014,0.08439888785581223,0.006783971022603638,0.0054392718884368856,0.012588517604074033,-0.002320047758347904,-0.007116149972222864,0.002412772827245475,-0.026753646616126926,True
0,RF,none,race,platt_global,Unknown,1917,141,0.07355242566510173,0.08078610185750351,0.012935601819147194,0.013481615932633348,0.028621406305144,0.007233676192401783,-0.004445298401205947,0.018940667473621928,0.09834721461584552,False
0,RF,none,race,platt_global,Other,1149,79,0.06875543951261967,0.08075108944587504,0.018451178092087454,0.015103465045271712,0.03703870447463835,0.011995649933255373,-0.002694216455707395,0.025867153484042022,0.17446837687734712,True
0,RF,none,race,platt_global,Asian,488,41,0.08401639344262295,0.08195951961234287,0.0408853159545237,0.03255211238665471,0.0709730953233337,-0.0020568738302800815,-0.02704645025728255,0.020861708699824157,-0.02448181534577268,True
0,RF,none,race,platt_global,Hispanic,1501,122,0.08127914723517655,0.08387222672250878,0.019378298274093143,0.017829233058085966,0.03866302926202428,0.0025930794873322283,-0.009837621554861349,0.016170417157381326,0.031903379594144875,True
0,RF,none,race,iso_global,Caucasian,52305,4807,0.09190325972660357,0.09195972462730961,0.002426952314271728,0.0026055114486145167,0.005956789632037056,5.64649007060436e-05,-0.0022532248808633253,0.0024905218823779466,0.0006143949722133577,True
0,RF,none,race,iso_global,AfricanAmerican,12627,1095,0.08671893561416014,0.08376213313740388,0.0062095592608747315,0.005023609673776384,0.012402820768088983,-0.002956802476756254,-0.007716096992727674,0.00146108706223276,-0.0340963880127865,True
0,RF,none,race,iso_global,Unknown,1917,141,0.07355242566510173,0.07983837873225663,0.013339759874790693,0.012734281694223342,0.029241580009008974,0.0062859530671549035,-0.005494290975487613,0.01674842665311983,0.08546221297685071,False
0,RF,none,race,iso_global,Other,1149,79,0.06875543951261967,0.07900124518451558,0.021888781682987923,0.014624319980216394,0.03751261483438329,0.01024580567189591,-0.005129289297339889,0.023467999080453068,0.1490181103418785,True
0,RF,none,race,iso_global,Asian,488,41,0.08401639344262295,0.08056246556686698,0.04453221565799129,0.031730073686690084,0.07077864082415189,-0.0034539278757559633,-0.02913853629119346,0.018336099912725997,-0.04111016593582708,True
0,RF,none,race,iso_global,Hispanic,1501,122,0.08127914723517655,0.08230680761502553,0.0202527007678086,0.015793381097562672,0.036587651015756666,0.0010276603798489714,-0.012002257022314418,0.01407083122615686,0.012643592050436935,True
0,RF,none,race,platt_group,Caucasian,52305,4807,0.09190325972660357,0.0913091428191435,0.0038016882702241227,0.003023260062134997,0.006806901893099276,-0.0005941169074600711,-0.0030440207131801305,0.0018491331305279567,-0.0064645901486788055,True
0,RF,none,race,platt_group,AfricanAmerican,12627,1095,0.08671893561416014,0.08896813030700362,0.007224895426530119,0.00602853899702245,0.013306506165801575,0.002249194692843487,-0.002691842110989208,0.006800283586762552,0.02593660400596777,True
0,RF,none,race,platt_group,Unknown,1917,141,0.07355242566510173,0.07400944658529873,0.016376660397822526,0.012704661392205446,0.029890863603926645,0.00045702092019700435,-0.011743819414865395,0.011667086220439542,0.00621353974480608,False
0,RF,none,race,platt_group,Other,1149,79,0.06875543951261967,0.08075108944587506,0.018451178092087458,0.015721992570990304,0.03770733235415904,0.011995649933255387,-0.0035215874607208717,0.02607372742243511,0.17446837687734734,True
0,RF,none,race,platt_group,Asian,488,41,0.08401639344262295,0.08195951961234288,0.0408853159545237,0.03316253446365874,0.07097016661921236,-0.0020568738302800676,-0.02670163868940841,0.02131165882421357,-0.024481815345772515,True
0,RF,none,race,platt_group,Hispanic,1501,122,0.08127914723517655,0.08481955973703707,0.023686645642484697,0.018408975732164632,0.03880348362645296,0.003540412501860518,-0.011016553092583837,0.017069261290912546,0.04355868168272654,True
0,RF,none,race,iso_group,Caucasian,52305,4807,0.09190325972660357,0.09139454568272884,0.0036873083316186846,0.0030119266144808753,0.006954374144225816,-0.0005087140438747306,-0.0031031393383436153,0.0017769737065717838,-0.005535321003717035,True
0,RF,none,race,iso_group,AfricanAmerican,12627,1095,0.08671893561416014,0.08890448508825054,0.009835657493391771,0.007080516831157705,0.015660673256387207,0.002185549474090401,-0.00309654138516226,0.007023596628311414,0.0252026787299904,True
0,RF,none,race,iso_group,Unknown,1917,141,0.07355242566510173,0.07459386883183183,0.027065753841198407,0.018223915110803696,0.039310814674054236,0.001041443166730105,-0.010880380572201054,0.011308693006858982,0.014159195394479511,False
0,RF,none,race,iso_group,Other,1149,79,0.06875543951261967,0.07900124518451555,0.0218887816829879,0.015395853723195727,0.03665534215913234,0.010245805671895883,-0.004040999535625697,0.024947888325411113,0.1490181103418781,True
0,RF,none,race,iso_group,Asian,488,41,0.08401639344262295,0.08056246556686698,0.04453221565799129,0.03269870223591395,0.07142919302952423,-0.0034539278757559633,-0.030713935855355843,0.019858009298807183,-0.04111016593582708,True
0,RF,none,race,iso_group,Hispanic,1501,122,0.08127914723517655,0.08425952551767661,0.018400171598913256,0.016175998954247157,0.03694099323000838,0.002980378282500057,-0.011530935732503304,0.016910037872066085,0.03666842460682447,True
0,RF,none,age,raw,[80-90),11110,1199,0.10792079207920792,0.10358306559028602,0.013740862319199857,0.010811651463697086,0.02064241115143244,-0.004337726488921903,-0.010371766921697017,0.0011289334658289136,-0.040193612420285525,True
0,RF,none,age,raw,[90-100),1761,168,0.09540034071550256,0.10191074151137383,0.02125026922477279,0.015885715151389385,0.037440408217387304,0.006510400795871271,-0.007644577786374356,0.01955983899334959,0.06824295119957921,True
0,RF,none,age,raw,[40-50),6828,506,0.07410661980082016,0.07855357292746204,0.010754047181287186,0.008908761922998307,0.018872296859581236,0.004446953126641881,-0.0014201008829224384,0.010841896593761618,0.06000750187492245,True
0,RF,none,age,raw,[50-60),12351,880,0.07124929155533966,0.0792646716367122,0.017696951780593533,0.014049492675467,0.023066708364799102,0.00801538008137255,0.0032360281768094995,0.012480316910438351,0.11249768111935494,True
0,RF,none,age,raw,[60-70),15688,1415,0.09019632840387558,0.08824686022883328,0.012984825560258836,0.011517256844902657,0.018910485760236507,-0.001949468175042296,-0.00630479668030801,0.0023063155907498793,-0.021613608996511335,True
0,RF,none,age,raw,[70-80),17749,1817,0.10237196461772494,0.09707782335402122,0.013723516066523762,0.011607632352354265,0.01946201830873721,-0.005294141263703714,-0.010096724218993767,-0.0010842636701291505,-0.05171475690119825,True
0,RF,none,age,raw,[20-30),1121,83,0.07404103479036575,0.07458608388348821,0.034832030549116884,0.027302761293553038,0.052500453512660486,0.00054504909312246,-0.015607150411479288,0.014491983246801959,0.007361446185425031,True
0,RF,none,age,raw,[10-20),534,26,0.04868913857677903,0.06419581549375084,0.021874203882877585,0.022172484614607836,0.0467372899431133,0.015506676916971808,-0.00377218810888011,0.03334146223184912,0.3184832874485748,True
0,RF,none,age,raw,[30-40),2692,188,0.06983655274888559,0.07631758732976693,0.02019239447543317,0.017837127356551546,0.03385773502333995,0.00648103458088134,-0.003511543921648556,0.01575862827947747,0.0928028994241094,True
0,RF,none,age,raw,[0-10),153,3,0.0196078431372549,0.05474099745379609,0.05089395538079672,0.04076959019098345,0.06970704758235383,0.03513315431654119,0.008935239446318652,0.054389751325663906,1.7917908701436007,False
0,RF,none,age,platt_global,[80-90),11110,1199,0.10792079207920792,0.10877243561099946,0.011266628998726443,0.009431833485216876,0.019064981670481023,0.0008516435317915405,-0.005327852544884999,0.006588037148124187,0.00789137584504088,True
0,RF,none,age,platt_global,[90-100),1761,168,0.09540034071550256,0.10426573046409388,0.026911566709897045,0.020494167156259773,0.04270774603066246,0.008865389748591315,-0.005255257773395507,0.02165247997134211,0.09292828182898397,True
0,RF,none,age,platt_global,[40-50),6828,506,0.07410661980082016,0.07329729074233958,0.006791112028403158,0.005810625780438356,0.015494026186196382,-0.000809329058480579,-0.007125292849510959,0.005214158643443741,-0.01092114389586046,True
0,RF,none,age,platt_global,[50-60),12351,880,0.07124929155533966,0.07512526905993629,0.006938038428209217,0.005493951490032212,0.012577155352451574,0.003875977504596631,-0.00044811664726742345,0.008394534651956517,0.05440022518099203,True
0,RF,none,age,platt_global,[60-70),15688,1415,0.09019632840387558,0.08693196820818307,0.004774702077102945,0.004932772586531587,0.011361917477550288,-0.0032643601956925117,-0.007848333742557619,0.0011531427465646827,-0.036191719257967575,True
0,RF,none,age,platt_global,[70-80),17749,1817,0.10237196461772494,0.10015054240982062,0.005973292515418655,0.005082208289393039,0.012075164595939953,-0.0022214222079043194,-0.006923261519099848,0.0019525466935730474,-0.021699517208637185,True
0,RF,none,age,platt_global,[20-30),1121,83,0.07404103479036575,0.06943117868736554,0.03177475721453612,0.021904793097185186,0.04659056113405403,-0.004609856103000215,-0.021154164964109053,0.009567297591313882,-0.06226082760799085,True
0,RF,none,age,platt_global,[10-20),534,26,0.04868913857677903,0.05801307623717959,0.023323784263300115,0.02062896263839737,0.04750546969993373,0.009323937660400565,-0.009943394926341229,0.027300035582097225,0.19149933502515007,True
0,RF,none,age,platt_global,[30-40),2692,188,0.06983655274888559,0.07104652803722583,0.01603361313494228,0.01263455670995118,0.02812145812417704,0.0012099752883402426,-0.008635470515913879,0.010566916498207164,0.01732581636282943,True
0,RF,none,age,platt_global,[0-10),153,3,0.0196078431372549,0.04841665762002693,0.046020199698038625,0.03808768595723714,0.07084620910868893,0.028808814482772026,0.004398674606629703,0.047530463573384606,1.4692495386213733,False
0,RF,none,age,iso_global,[80-90),11110,1199,0.10792079207920792,0.11074035325145423,0.00916076851242455,0.007724160759203086,0.016463961932711053,0.0028195611722463126,-0.0028416536569824025,0.008637701085452296,0.026126209027236474,True
0,RF,none,age,iso_global,[90-100),1761,168,0.09540034071550256,0.10630569524515483,0.024312551814404983,0.020148732676187404,0.04228875309587285,0.010905354529652272,-0.002891386501550526,0.024236805166240185,0.11431148408760507,True
0,RF,none,age,iso_global,[40-50),6828,506,0.07410661980082016,0.07156042704439566,0.003798747099003578,0.005127929798022329,0.013403578375060373,-0.002546192756424495,-0.008287921426581262,0.0037915892076275633,-0.034358506207245954,True
0,RF,none,age,iso_global,[50-60),12351,880,0.07124929155533966,0.07308040846812439,0.005343803662561393,0.00451657409451149,0.011224221064586879,0.0018311169127847304,-0.0023870915523498265,0.006071719711034353,0.025700142033868414,True
0,RF,none,age,iso_global,[60-70),15688,1415,0.09019632840387558,0.08722714425982925,0.006078345293516949,0.004810426077586686,0.01170953125189076,-0.00296918414404633,-0.007688824256599587,0.0015178662107676543,-0.03291912427688963,True
0,RF,none,age,iso_global,[70-80),17749,1817,0.10237196461772494,0.10161135066667835,0.006039975496231044,0.004882727805909104,0.011886398308665337,-0.000760613951046582,-0.005519384035309001,0.0034174993545097693,-0.007429904797537581,True
0,RF,none,age,iso_global,[20-30),1121,83,0.07404103479036575,0.06647612623992993,0.028584821225916567,0.021157060300666244,0.04459258829662321,-0.007564908550435817,-0.02120804133910683,0.006986106224723708,-0.10217183716913916,True
0,RF,none,age,iso_global,[10-20),534,26,0.04868913857677903,0.05072111282301462,0.024184116741037272,0.018749292945517537,0.04561022056182325,0.0020319742462355933,-0.015975585642340147,0.019132880591219145,0.04173362490345411,True
0,RF,none,age,iso_global,[30-40),2692,188,0.06983655274888559,0.06926637381477764,0.010949467858398884,0.00984372196599104,0.02391504157052457,-0.0005701789341079483,-0.009843448095375813,0.009036867074822017,-0.008164477077758494,True
0,RF,none,age,iso_global,[0-10),153,3,0.0196078431372549,0.03626071195251724,0.027714888036307627,0.023722861674054345,0.056153788062067854,0.016652868815262338,-0.00899731945144758,0.03521459393072994,0.8492963095783792,False
0,RF,none,age,platt_group,[80-90),11110,1199,0.10792079207920792,0.10671766008817375,0.00736969879246189,0.006283799594193024,0.014443237425848493,-0.0012031319910341676,-0.006418745398732977,0.004379731457819136,-0.011148287256371644,True
0,RF,none,age,platt_group,[90-100),1761,168,0.09540034071550256,0.09677714317567522,0.013181549434266516,0.013772991997936206,0.03305148672102574,0.0013768024601726603,-0.012086059494583369,0.015626402810726914,0.014431840073595563,True
0,RF,none,age,platt_group,[40-50),6828,506,0.07410661980082016,0.0777987570181131,0.0057067616330329675,0.005964966992845206,0.013900429123927863,0.0036921372172929456,-0.0026367656918784097,0.00962146256800081,0.04982196229185026,True
0,RF,none,age,platt_group,[50-60),12351,880,0.07124929155533966,0.07245043888359515,0.006559652986127295,0.004960816825228161,0.011965519175866827,0.0012011473282554919,-0.0035814077010213967,0.005703533934709,0.016858375740094977,True
0,RF,none,age,platt_group,[60-70),15688,1415,0.09019632840387558,0.09161950712926502,0.005109133403934879,0.0049211126688570375,0.011475850945540848,0.0014231787253894401,-0.0029930135166444183,0.005567715343818896,0.015778676921490837,True
0,RF,none,age,platt_group,[70-80),17749,1817,0.10237196461772494,0.10054186229213374,0.00466941289364081,0.004272071770123218,0.01064800921237188,-0.001830102325591193,-0.006474716957282615,0.0021280958459796943,-0.017876987439140388,True
0,RF,none,age,platt_group,[20-30),1121,83,0.07404103479036575,0.06943117868736554,0.03177475721453612,0.020965931242284023,0.04634803859172958,-0.004609856103000215,-0.020169209789853742,0.010166388445673814,-0.06226082760799085,True
0,RF,none,age,platt_group,[10-20),534,26,0.04868913857677903,0.05801307623717959,0.023323784263300115,0.02062570336195336,0.046770674112856736,0.009323937660400565,-0.011474735670360859,0.025244506479992258,0.19149933502515007,True
0,RF,none,age,platt_group,[30-40),2692,188,0.06983655274888559,0.06256087681668193,0.01304517791293335,0.010804491644474317,0.025638278942593188,-0.007275675932203657,-0.017188499194892588,0.002338742813432464,-0.1041814872845332,True
0,RF,none,age,platt_group,[0-10),153,3,0.0196078431372549,0.04841665762002693,0.04602019969803863,0.03787622250691547,0.06973349927885454,0.028808814482772026,0.003978590493419427,0.04817053514150441,1.4692495386213733,False
0,RF,none,age,iso_group,[80-90),11110,1199,0.10792079207920792,0.1068854326945661,0.007023308132863835,0.006414725494285937,0.01443063150517915,-0.001035359384641818,-0.007094374231795953,0.004696580905636961,-0.009593697050350791,True
0,RF,none,age,iso_group,[90-100),1761,168,0.09540034071550256,0.09600151501910081,0.024761211359371076,0.018974097071356204,0.04048877756383057,0.0006011743035982536,-0.013539402300241185,0.013618470581053761,0.006301594932360265,True
0,RF,none,age,iso_group,[40-50),6828,506,0.07410661980082016,0.07774362863668427,0.015587832944834502,0.011161644302080534,0.022545469740855667,0.003637008835864111,-0.0025038876801087265,0.009973416791191264,0.049078055990672234,True
0,RF,none,age,iso_group,[50-60),12351,880,0.07124929155533966,0.07271470623862016,0.01028894000331611,0.008295227080002484,0.015748371852107933,0.0014654146832804998,-0.003632569046189169,0.005889303362372626,0.020567428128633467,True
0,RF,none,age,iso_group,[60-70),15688,1415,0.09019632840387558,0.09163014185974143,0.00744163217272136,0.006275530795357904,0.013215462476317833,0.001433813455865851,-0.003177843728343887,0.006212361096627819,0.015896583389133193,True
0,RF,none,age,iso_group,[70-80),17749,1817,0.10237196461772494,0.10033548572591272,0.0066626667078419025,0.005976285756326618,0.0127009613463394,-0.0020364788918122156,-0.006485543467438516,0.0025679865064759124,-0.01989293552601817,True
0,RF,none,age,iso_group,[20-30),1121,83,0.07404103479036575,0.06647612623992993,0.02858482122591653,0.020886584894076722,0.04473684497042573,-0.007564908550435817,-0.02210101874071686,0.006822763240830933,-0.10217183716913916,True
0,RF,none,age,iso_group,[10-20),534,26,0.04868913857677903,0.05072111282301462,0.024184116741037272,0.018718535490582163,0.04604868084742951,0.0020319742462355933,-0.015804657583446586,0.01961268254429457,0.04173362490345411,True
0,RF,none,age,iso_group,[30-40),2692,188,0.06983655274888559,0.06356355162318511,0.02303211901573421,0.01794743681918981,0.03442515546349611,-0.006273001125700478,-0.0164672616967495,0.003643350671677412,-0.08982403739566855,True
0,RF,none,age,iso_group,[0-10),153,3,0.0196078431372549,0.03626071195251724,0.027714888036307627,0.023768576391060645,0.05475860650793426,0.016652868815262338,-0.00925511077625712,0.036097363092521435,0.8492963095783792,False
0,RF,none,gender,raw,Female,37239,3365,0.09036225462552701,0.0908970930929893,0.01378585563834302,0.011559755159795276,0.016716308245378533,0.0005348384674622869,-0.002366818498655667,0.0032504211455147637,0.00591882605938428,True
0,RF,none,gender,raw,Male,32748,2920,0.08916575058018811,0.0885514380524978,0.01218057688215318,0.010628664884190035,0.015744637736706448,-0.0006143125276903139,-0.0037350525458667147,0.002409228401883702,-0.006889557074247397,True
0,RF,none,gender,platt_global,Female,37239,3365,0.09036225462552701,0.09139785253944849,0.00449646082098347,0.0037518865138193216,0.008307215338862823,0.0010355979139214794,-0.0017308816058594601,0.0037762912980428033,0.01146051432883268,True
0,RF,none,gender,platt_global,Male,32748,2920,0.08916575058018811,0.08750739618328046,0.003101839245245229,0.0029091615912414863,0.007441312303130808,-0.0016583543969076464,-0.004923962077345374,0.0014032837541675595,-0.01859855814723685,True
0,RF,none,gender,iso_global,Female,37239,3365,0.09036225462552701,0.09139725579959948,0.003351381384093806,0.003122309546483457,0.0074391734262197725,0.0010350011740724724,-0.0019964921220865075,0.0038275674179901113,0.01145391046694942,True
0,RF,none,gender,iso_global,Male,32748,2920,0.08916575058018811,0.08766199606723069,0.003529692053170226,0.0031148892254406245,0.0077736192311756505,-0.0015037545129574226,-0.004859601468239013,0.0013210691417083818,-0.016864709859701944,True
0,RF,none,gender,platt_group,Female,37239,3365,0.09036225462552701,0.09128666529197989,0.004455954809374911,0.0037191167809859523,0.008037006512781657,0.0009244106664528795,-0.002055293242392885,0.0038574079605278705,0.01023005313760439,True
0,RF,none,gender,platt_group,Male,32748,2920,0.08916575058018811,0.08760881124733945,0.002936114052694102,0.0026437913463800704,0.007073625645772261,-0.0015569393328486586,-0.004611646059272736,0.0014846389761910233,-0.017461181257578038,True
0,RF,none,gender,iso_group,Female,37239,3365,0.09036225462552701,0.0910772656558512,0.004797460293907612,0.003698243342705538,0.008277477044677658,0.0007150110303241891,-0.0022026625063534563,0.0034202686150989836,0.00791271790735289,True
0,RF,none,gender,iso_group,Male,32748,2920,0.08916575058018811,0.08785781361627526,0.0052785723618980415,0.004128524187428698,0.009181206793101727,-0.001307936963912848,-0.00409314747803785,0.001831196569244622,-0.014668602635006144,True
0,RF,balanced,race,raw,Caucasian,52305,4807,0.09190325972660357,0.4731350457427511,0.3812317860161477,0.3785485797454998,0.38347853622673034,0.38123178601614754,0.3788284580160198,0.38368037473207434,4.148185680793551,True
0,RF,balanced,race,raw,AfricanAmerican,12627,1095,0.08671893561416014,0.4562434114519393,0.36952447583777914,0.3644162086683473,0.37466276048585695,0.36952447583777914,0.36453944155136364,0.37457162206703704,4.26117402411291,True
0,RF,balanced,race,raw,Unknown,1917,141,0.07355242566510173,0.4491500744806094,0.3755976488155077,0.3632868637656324,0.386941862952604,0.37559764881550767,0.36404973691378434,0.38687233970059665,5.106529736023604,False
0,RF,balanced,race,raw,Other,1149,79,0.06875543951261967,0.4471177846436565,0.3783623451310369,0.362722947977333,0.39157245304906363,0.37836234513103684,0.36253292258105924,0.39268175412411843,5.503016893108371,True
0,RF,balanced,race,raw,Asian,488,41,0.08401639344262295,0.44689739410180807,0.36288100065918505,0.34058861057370765,0.385646435036253,0.3628810006591851,0.3368909919201787,0.3863329385203911,4.319168983455667,True
0,RF,balanced,race,raw,Hispanic,1501,122,0.08127914723517655,0.44404062810070827,0.3627614808655318,0.3502190191127977,0.37719728948007325,0.3627614808655317,0.3497599787946526,0.376173576095364,4.463155596550517,True
0,RF,balanced,race,platt_global,Caucasian,52305,4807,0.09190325972660357,0.0923541075861223,0.004623526905653589,0.003346234803092799,0.0072899415511509524,0.0004508478595187243,-0.0019959596483565298,0.002947497528706785,0.004905678654488636,True
0,RF,balanced,race,platt_global,AfricanAmerican,12627,1095,0.08671893561416014,0.08298814311436592,0.005841364101617793,0.005206250152803653,0.012091953101045437,-0.0037307924997942166,-0.008483708349397026,0.0008597554959289416,-0.043021659264750295,True
0,RF,balanced,race,platt_global,Unknown,1917,141,0.07355242566510173,0.07904880641109312,0.018483070761598178,0.013893294862889297,0.03159277745637531,0.005496380745991389,-0.0061610359125006346,0.017078114275343628,0.07472738929124462,False
0,RF,balanced,race,platt_global,Other,1149,79,0.06875543951261967,0.07821401443660397,0.01915783793333623,0.016092476411985343,0.040125430864383305,0.009458574923984303,-0.004749145326335264,0.023089036002749412,0.13756838718554384,True
0,RF,balanced,race,platt_global,Asian,488,41,0.08401639344262295,0.07904760309597,0.03346188416247764,0.023677639754372908,0.06174274086091379,-0.004968790346652943,-0.029572488576382092,0.017821223929424153,-0.05914072412601552,True
0,RF,balanced,race,platt_global,Hispanic,1501,122,0.08127914723517655,0.07820848078349495,0.02146783935375729,0.015297820423754969,0.037274302243272495,-0.0030706664516816085,-0.015739949963053237,0.010494480561650659,-0.03777926511454175,True
0,RF,balanced,race,iso_global,Caucasian,52305,4807,0.09190325972660357,0.09248839566429162,0.004386125783287436,0.0032871757008136877,0.007187049498065522,0.0005851359376880527,-0.0016515300108737268,0.0029871816430078807,0.0063668681549352195,True
0,RF,balanced,race,iso_global,AfricanAmerican,12627,1095,0.08671893561416014,0.08299689496114043,0.007788296353590263,0.005503451613280839,0.013181734081096944,-0.0037220406530197037,-0.008575987820689909,0.0006798725783043092,-0.04292073728372584,True
0,RF,balanced,race,iso_global,Unknown,1917,141,0.07355242566510173,0.07831443548799293,0.014207661969639318,0.012087103239343156,0.028102950074800147,0.004762009822891197,-0.006947831558861546,0.015409501416634023,0.06474306971973351,False
0,RF,balanced,race,iso_global,Other,1149,79,0.06875543951261967,0.07737809391858932,0.023466616685336665,0.017790312017182446,0.04183407676869429,0.008622654405969654,-0.006493690670996036,0.02198331730193737,0.12541050522100167,True
0,RF,balanced,race,iso_global,Asian,488,41,0.08401639344262295,0.0792675396028937,0.027740806221613526,0.025248844477583538,0.0647454272850539,-0.004748853839729242,-0.030508180337177504,0.017238044974137175,-0.05652294326311878,True
0,RF,balanced,race,iso_global,Hispanic,1501,122,0.08127914723517655,0.07816690169349151,0.01618352479167265,0.014627566204035153,0.0354844059878277,-0.0031122455416850436,-0.016230822595119817,0.00998231894093146,-0.03829082424646926,True
0,RF,balanced,race,platt_group,Caucasian,52305,4807,0.09190325972660357,0.09139191497494785,0.003778043307223239,0.0031819870911426462,0.006904162462915219,-0.0005113447516557207,-0.0029426001676015794,0.0019230547402049195,-0.005563945753141767,True
0,RF,balanced,race,platt_group,AfricanAmerican,12627,1095,0.08671893561416014,0.0889989632447213,0.005370726275440503,0.004531459968681894,0.011906133889188476,0.0022800276305611628,-0.0026529133975341317,0.006819646918051361,0.026292154238443655,True
0,RF,balanced,race,platt_group,Unknown,1917,141,0.07355242566510173,0.07425453747059037,0.01876053705225023,0.015065484047027298,0.033737679845278,0.0007021118054886394,-0.011533462642796208,0.011607714402475404,0.009545732844834905,False
0,RF,balanced,race,platt_group,Other,1149,79,0.06875543951261967,0.078214014436604,0.019157837933336246,0.01669965000293761,0.04054189135897235,0.00945857492398433,-0.005542777869130372,0.023270069888255904,0.13756838718554426,True
0,RF,balanced,race,platt_group,Asian,488,41,0.08401639344262295,0.07904760309597,0.03346188416247765,0.0249734003977895,0.06233756622445754,-0.004968790346652943,-0.029570760248402835,0.01779233716585592,-0.05914072412601552,True
0,RF,balanced,race,platt_group,Hispanic,1501,122,0.08127914723517655,0.08047859873597085,0.017142867222156234,0.01330987577141251,0.03281101321425792,-0.0008005484992057027,-0.015040590223570724,0.012966043841107392,-0.009849371289407867,True
0,RF,balanced,race,iso_group,Caucasian,52305,4807,0.09190325972660357,0.09143199274843099,0.003449716207977697,0.003074384801882842,0.006947101773756596,-0.00047126697817258256,-0.0030737427019199935,0.0019177936635527612,-0.005127859224738285,True
0,RF,balanced,race,iso_group,AfricanAmerican,12627,1095,0.08671893561416014,0.08956273960625218,0.008101142591922971,0.006928692609380841,0.01453341581170084,0.0028438039920920394,-0.0024167106834216898,0.0076463518555373545,0.032793345212918885,True
0,RF,balanced,race,iso_group,Unknown,1917,141,0.07355242566510173,0.0747118513382102,0.01925874829094522,0.018706072784690844,0.03845847480734267,0.0011594256731084773,-0.01065678585891415,0.011604299938351489,0.015763255428006745,False
0,RF,balanced,race,iso_group,Other,1149,79,0.06875543951261967,0.07737809391858932,0.023466616685336665,0.017742130564039945,0.042479463014610905,0.008622654405969654,-0.00555907597287287,0.023232818187538647,0.12541050522100167,True
0,RF,balanced,race,iso_group,Asian,488,41,0.08401639344262295,0.0792675396028937,0.027740806221613533,0.025008096219603055,0.0638981616709542,-0.004748853839729242,-0.03139203178837324,0.01872208942885328,-0.05652294326311878,True
0,RF,balanced,race,iso_group,Hispanic,1501,122,0.08127914723517655,0.08017353842862568,0.015848696858507504,0.012133233295074885,0.03178627713778662,-0.0011056088065508757,-0.015489510794000549,0.013155214716017589,-0.013602613267482494,True
0,RF,balanced,age,raw,[80-90),11110,1199,0.10792079207920792,0.5096383247076689,0.4017175326284609,0.3955696553823893,0.4068837270385546,0.401717532628461,0.3957944775609499,0.40724461519701394,3.722336770227024,True
0,RF,balanced,age,raw,[90-100),1761,168,0.09540034071550256,0.5040716629620686,0.4086713222465661,0.39435842776182806,0.42256306355831297,0.40867132224656605,0.3944218266237189,0.4220834482994903,4.283751181405969,True
0,RF,balanced,age,raw,[40-50),6828,506,0.07410661980082016,0.4349274729333556,0.3608208531325354,0.3546067351168462,0.3672406199623323,0.3608208531325354,0.35487015212980677,0.36726403859572776,4.868942263219272,True
0,RF,balanced,age,raw,[50-60),12351,880,0.07124929155533966,0.4326581843390168,0.361408892783677,0.35726041428206534,0.3658398259598359,0.36140889278367716,0.3564815243005327,0.3658657667049765,5.072455948603632,True
0,RF,balanced,age,raw,[60-70),15688,1415,0.09019632840387558,0.4667726289433485,0.37657630053947294,0.37201030017761844,0.3806464677226155,0.3765763005394729,0.3722611927913549,0.380795861035855,4.175073500256714,True
0,RF,balanced,age,raw,[70-80),17749,1817,0.10237196461772494,0.49176008772975793,0.38938812311203297,0.3849432065772222,0.39351484448004725,0.38938812311203297,0.3845641388247975,0.3935659762311976,3.8036597672622308,True
0,RF,balanced,age,raw,[20-30),1121,83,0.07404103479036575,0.4156543805968907,0.34161334580652497,0.32573481921447384,0.35548042960924675,0.3416133458065249,0.3254674947427787,0.3556573708754573,4.6138380801098124,True
0,RF,balanced,age,raw,[10-20),534,26,0.04868913857677903,0.36969602835465315,0.32100688977787406,0.30137022097518157,0.3378808242950371,0.3210068897778741,0.3013379550194703,0.34029266041955686,6.59298765928403,True
0,RF,balanced,age,raw,[30-40),2692,188,0.06983655274888559,0.42384269334616775,0.35400614059728214,0.3436920446220704,0.36348583206744195,0.3540061405972822,0.3438565811339764,0.36326482268853266,5.069066651531296,True
0,RF,balanced,age,raw,[0-10),153,3,0.0196078431372549,0.32115350469485304,0.3015456615575981,0.2754276943101849,0.3222586332680246,0.30154566155759815,0.27740693849544273,0.3229563790150377,15.378828739437505,False
0,RF,balanced,age,platt_global,[80-90),11110,1199,0.10792079207920792,0.11342756111813573,0.009720522214388192,0.008247824498375305,0.01749325746720883,0.005506769038927814,-0.0006483792042170853,0.011135233488922942,0.05102602503960635,True
0,RF,balanced,age,platt_global,[90-100),1761,168,0.09540034071550256,0.1077054698755872,0.029479283735425927,0.021702365285112973,0.04488304946504002,0.012305129160084638,-0.0018198951547516748,0.02529339281865129,0.12898412173160145,True
0,RF,balanced,age,platt_global,[40-50),6828,506,0.07410661980082016,0.07050360753529285,0.005229429684824147,0.006077246853293552,0.0147700895153127,-0.003603012265527311,-0.009891969098791028,0.0025337531064831076,-0.048619303851819125,True
0,RF,balanced,age,platt_global,[50-60),12351,880,0.07124929155533966,0.07021084838111206,0.004991079367946941,0.004705601526745915,0.011467063112041851,-0.0010384431742275907,-0.005308548564922724,0.003395390282454069,-0.014574785960096558,True
0,RF,balanced,age,platt_global,[60-70),15688,1415,0.09019632840387558,0.08729533627541432,0.01004421395558203,0.0069413703482632,0.014699657287297004,-0.0029009921284612605,-0.007559443937533142,0.0015592108957926266,-0.03216308446028286,True
0,RF,balanced,age,platt_global,[70-80),17749,1817,0.10237196461772494,0.10305200782131801,0.005930833153093128,0.0048267540258697655,0.011346072602034163,0.0006800432035930781,-0.004019259953161427,0.00490696445607095,0.006642865613964526,True
0,RF,balanced,age,platt_global,[20-30),1121,83,0.07404103479036575,0.06289854625274129,0.028046780401235594,0.022147753045508433,0.047070198155201366,-0.011142488537624465,-0.027444110482603357,0.003511668072981123,-0.1504907186828557,True
0,RF,balanced,age,platt_global,[10-20),534,26,0.04868913857677903,0.0473479741008999,0.025112939979486427,0.01592154654237809,0.04293502974206168,-0.0013411644758791266,-0.019694467770458073,0.016402792643127103,-0.02754545500459437,True
0,RF,balanced,age,platt_global,[30-40),2692,188,0.06983655274888559,0.06610380365023207,0.011781592064624459,0.009536471740323555,0.02434998886151401,-0.0037327490986535233,-0.01347825089704482,0.005877276947984702,-0.053449790284974916,True
0,RF,balanced,age,platt_global,[0-10),153,3,0.0196078431372549,0.033446372846954404,0.025952609885724204,0.02464680759438305,0.05345794046265368,0.013838529709699503,-0.009765821584475358,0.031950969416454096,0.7057650151946746,False
0,RF,balanced,age,iso_global,[80-90),11110,1199,0.10792079207920792,0.11306710031711258,0.01063970317802253,0.009090529313718796,0.01831797367349029,0.0051463082379046565,-0.0005102074637779511,0.010902383057304734,0.04768597541544682,True
0,RF,balanced,age,iso_global,[90-100),1761,168,0.09540034071550256,0.10583134175544988,0.024728110191900608,0.01916463259902275,0.04207188508523598,0.010431001039947319,-0.0033929387435959525,0.023950126828652045,0.10933924304373349,True
0,RF,balanced,age,iso_global,[40-50),6828,506,0.07410661980082016,0.07032038453867949,0.005945413497541817,0.006087766726852213,0.014994162256901053,-0.003786235262140669,-0.009518714906710907,0.002656945546992933,-0.051091728003748,True
0,RF,balanced,age,iso_global,[50-60),12351,880,0.07124929155533966,0.0701373324341705,0.005432726986668335,0.0045271165692036515,0.011425915708720907,-0.0011119591211691537,-0.005460230394962613,0.0030345826125680116,-0.015606598983591156,True
0,RF,balanced,age,iso_global,[60-70),15688,1415,0.09019632840387558,0.08752821430195916,0.006880445285319096,0.005835831028459981,0.012936972972550533,-0.002668114101916419,-0.0073869582022155445,0.0019420241957117457,-0.02958118306068182,True
0,RF,balanced,age,iso_global,[70-80),17749,1817,0.10237196461772494,0.10379453846618023,0.007896445386990287,0.0056921448464902265,0.01305703976175978,0.0014225738484552886,-0.0033774184533611772,0.005526057287231727,0.013896127262648827,True
0,RF,balanced,age,iso_global,[20-30),1121,83,0.07404103479036575,0.06259128446904474,0.03634703066726732,0.025748220105478312,0.0513868024225688,-0.011449750321321006,-0.024637462088166206,0.0032841924685924205,-0.1546406037373596,True
0,RF,balanced,age,iso_global,[10-20),534,26,0.04868913857677903,0.04526330536039485,0.013237356701865613,0.013384655483768855,0.03912213472216707,-0.0034258332163841776,-0.021406016130133706,0.014101676949710307,-0.07036134375189042,True
0,RF,balanced,age,iso_global,[30-40),2692,188,0.06983655274888559,0.06589556192065152,0.009802260686176806,0.008436850801444665,0.023083815453220184,-0.00394099082823407,-0.013087148650501174,0.005585962296529676,-0.05643163462556445,True
0,RF,balanced,age,iso_global,[0-10),153,3,0.0196078431372549,0.02992272339317213,0.01815391446360878,0.017986425794921407,0.048768998509745844,0.010314880255917227,-0.014613930091962471,0.028705674231311464,0.5260588930517786,False
0,RF,balanced,age,platt_group,[80-90),11110,1199,0.10792079207920792,0.10670271114395741,0.008016783443730604,0.0063986014844649875,0.015263018066939443,-0.0012180809352505123,-0.006430463273890637,0.004326494713006119,-0.011286804996357959,True
0,RF,balanced,age,platt_group,[90-100),1761,168,0.09540034071550256,0.09733290379518525,0.01749512721983823,0.01421678936628209,0.03374778560933378,0.0019325630796826893,-0.011756044244397188,0.01613175547511722,0.020257402281673904,True
0,RF,balanced,age,platt_group,[40-50),6828,506,0.07410661980082016,0.07803194661927172,0.006405123618855375,0.005721733955790975,0.014621086514523745,0.003925326818451563,-0.0023815814810114436,0.010000176957016943,0.052968639360449155,True
0,RF,balanced,age,platt_group,[50-60),12351,880,0.07124929155533966,0.07244113311009154,0.009415023699240013,0.006618381752121558,0.014261064340727653,0.0011918415547518824,-0.0035769974529598274,0.005803971569879057,0.016727767094023294,True
0,RF,balanced,age,platt_group,[60-70),15688,1415,0.09019632840387558,0.09146367954811817,0.007162473121563606,0.005825748152201991,0.01267943894965094,0.00126735114424259,-0.0030682662856381243,0.005340821923845825,0.01405102809249311,True
0,RF,balanced,age,platt_group,[70-80),17749,1817,0.10237196461772494,0.10076673199584214,0.005732547783990592,0.005290766563249189,0.011463997785613703,-0.0016052326218827934,-0.006138892387045337,0.00233726289330511,-0.015680392848540288,True
0,RF,balanced,age,platt_group,[20-30),1121,83,0.07404103479036575,0.06289854621796839,0.028046780399614422,0.020733536618834626,0.04708915890167784,-0.011142488572397358,-0.026656733307043025,0.003311424692695429,-0.15049071915249923,True
0,RF,balanced,age,platt_group,[10-20),534,26,0.04868913857677903,0.04734797403373611,0.025112939988548515,0.016264475538321926,0.040944500533656565,-0.001341164543042915,-0.02186251997786602,0.014609345382918327,-0.027545456384035254,True
0,RF,balanced,age,platt_group,[30-40),2692,188,0.06983655274888559,0.0616220456886599,0.013500027796646266,0.010043344940315982,0.025270485055528452,-0.008214507060225688,-0.01802596370229499,0.0012685373663309663,-0.11762475003259336,True
0,RF,balanced,age,platt_group,[0-10),153,3,0.0196078431372549,0.03344637276310349,0.025952609812702452,0.02455933615257584,0.05304022414272587,0.01383852962584859,-0.010236871127427143,0.03299459434397525,0.7057650109182781,False
0,RF,balanced,age,iso_group,[80-90),11110,1199,0.10792079207920792,0.10699320925659526,0.007807204573323956,0.006906802730137454,0.015713622731328696,-0.0009275828226126548,-0.007003140889883187,0.004777377862492691,-0.008595033493933774,True
0,RF,balanced,age,iso_group,[90-100),1761,168,0.09540034071550256,0.09737034613633573,0.01975890669062704,0.016251428269923145,0.03841560993025736,0.0019700054208331708,-0.012244576098343063,0.015072359754043911,0.02064987825051913,True
0,RF,balanced,age,iso_group,[40-50),6828,506,0.07410661980082016,0.07815929226682163,0.013186764041163673,0.009666531423584526,0.020362954535773373,0.004052672466001467,-0.001984915172093919,0.010234656327579965,0.0546870505886522,True
0,RF,balanced,age,iso_group,[50-60),12351,880,0.07124929155533966,0.07228906141593232,0.010973993038217687,0.008544716029543497,0.016465590325907605,0.0010397698605926625,-0.003964978443513529,0.005387370113195308,0.01459340630474997,True
0,RF,balanced,age,iso_group,[60-70),15688,1415,0.09019632840387558,0.09209539540998644,0.008953410250988073,0.007565261935512052,0.01482072837678724,0.001899067006110866,-0.002621943920806759,0.006697247343271699,0.02105481497658464,True
0,RF,balanced,age,iso_group,[70-80),17749,1817,0.10237196461772494,0.1008726946895597,0.008504544848470906,0.006729323532877045,0.013973197214495432,-0.0014992699281652366,-0.005842183757557838,0.003043557129687457,-0.014645317531648204,True
0,RF,balanced,age,iso_group,[20-30),1121,83,0.07404103479036575,0.06259128446904474,0.03634703066726732,0.026191421455139766,0.05196630464993567,-0.011449750321321006,-0.026128837222043656,0.0030598652859996738,-0.1546406037373596,True
0,RF,balanced,age,iso_group,[10-20),534,26,0.04868913857677903,0.04526330536039484,0.013237356701865603,0.013706887723820534,0.0391299611576718,-0.0034258332163841845,-0.020945724693976483,0.013851310495352277,-0.07036134375189056,True
0,RF,balanced,age,iso_group,[30-40),2692,188,0.06983655274888559,0.06193408024683283,0.018832744052141432,0.014757939077861701,0.030933521619891515,-0.007902472502052761,-0.018237620210488276,0.0018465274173104986,-0.11315668072088315,True
0,RF,balanced,age,iso_group,[0-10),153,3,0.0196078431372549,0.02992272339317213,0.01815391446360878,0.017267483085940897,0.04706515004531569,0.010314880255917227,-0.015065141503189173,0.02946434327351329,0.5260588930517786,False
0,RF,balanced,gender,raw,Female,37239,3365,0.09036225462552701,0.4706765385722738,0.38031428394674643,0.3775646496546488,0.38315596936919055,0.3803142839467468,0.3773974287918746,0.38319412320400137,4.208773735480803,True
0,RF,balanced,gender,raw,Male,32748,2920,0.08916575058018811,0.465376219693449,0.3762104691132607,0.3730890962500993,0.37936439236731734,0.3762104691132609,0.3731621327745872,0.3791702325897968,4.219226178945571,True
0,RF,balanced,gender,platt_global,Female,37239,3365,0.09036225462552701,0.09161087682064316,0.0038656292215619777,0.0031599477289921516,0.007598764118330689,0.0012486221951161502,-0.0015806577362346378,0.003999658840377524,0.013817961938760866,True
0,RF,balanced,gender,platt_global,Male,32748,2920,0.08916575058018811,0.08746628986368774,0.007136951576565451,0.0053361007265011525,0.01076052558830795,-0.0016994607165003728,-0.004909030150775281,0.0013443450232123136,-0.019059568336970617,True
0,RF,balanced,gender,iso_global,Female,37239,3365,0.09036225462552701,0.09160010869743515,0.0032671873339231005,0.003187604400767048,0.0075425701454539034,0.0012378540719081427,-0.0017989557152768808,0.004021605739339086,0.013698795775271121,True
0,RF,balanced,gender,iso_global,Male,32748,2920,0.08916575058018811,0.08762544771046749,0.006297282051023589,0.004781277365831167,0.010031406933700828,-0.0015403028697206222,-0.004846216377668908,0.0013328728534997504,-0.017274602184113332,True
0,RF,balanced,gender,platt_group,Female,37239,3365,0.09036225462552701,0.09134189042046466,0.004154870935557191,0.0031415612676786477,0.007568747527496972,0.00097963579493765,-0.0020084369175011243,0.003912675547549875,0.010841205755626492,True
0,RF,balanced,gender,platt_group,Male,32748,2920,0.08916575058018811,0.08774917491091772,0.005935982511396475,0.004633692077330667,0.009374483899691224,-0.0014165756692703924,-0.004416117173751584,0.0016803746547000313,-0.015886993156598223,True
0,RF,balanced,gender,iso_group,Female,37239,3365,0.09036225462552701,0.09143696310288042,0.004096094291821047,0.0035492462155267625,0.008037534402180515,0.0010747084773534143,-0.0018160227823039593,0.0037751969930738013,0.011893334023228468,True
0,RF,balanced,gender,iso_group,Male,32748,2920,0.08916575058018811,0.08789229959949825,0.00578170049738708,0.0045875312261665375,0.009769664324666064,-0.001273450980689858,-0.004042884180475822,0.0019024295333845938,-0.014281839971106668,True
0,HGB,none,race,raw,Caucasian,52305,4807,0.09190325972660357,0.08997909389821726,0.008652550236224573,0.006714259975873761,0.01128682393667123,-0.0019241658283863095,-0.0043290787799111,0.0005904703439065821,-0.02093686158804783,True
0,HGB,none,race,raw,AfricanAmerican,12627,1095,0.08671893561416014,0.08421696603892917,0.011404836898369923,0.008567615514020924,0.017175496168990733,-0.0025019695752309667,-0.0074565689636535,0.0023948938599599183,-0.028851479293553806,True
0,HGB,none,race,raw,Unknown,1917,141,0.07355242566510173,0.07528427027359341,0.019639978532537072,0.014467593762583388,0.03312602006379594,0.0017318446084916839,-0.009650716128796127,0.01293861508637628,0.0235457171239614,False
0,HGB,none,race,raw,Other,1149,79,0.06875543951261967,0.07215959504329486,0.01896904228314064,0.015415122152681843,0.037367074493242246,0.0034041555306751903,-0.011371178682583187,0.016798910170899305,0.04951107221197207,True
0,HGB,none,race,raw,Asian,488,41,0.08401639344262295,0.0817652021877637,0.02575689766032838,0.02284678237449579,0.0594891847478174,-0.0022511912548592444,-0.028801566880964597,0.021521579066165135,-0.026794666643202715,True
0,HGB,none,race,raw,Hispanic,1501,122,0.08127914723517655,0.08267169333446625,0.01272772670070793,0.011994811837485419,0.03195759030570506,0.001392546099289696,-0.01141711008052223,0.014250750167778072,0.017132882746178964,True
0,HGB,none,race,platt_global,Caucasian,52305,4807,0.09190325972660357,0.09130767800505554,0.003739583948264212,0.0031015374597869994,0.007105434161121571,-0.0005955817215480275,-0.0030972860495492743,0.0018565881525029436,-0.006480528800825791,True
0,HGB,none,race,platt_global,AfricanAmerican,12627,1095,0.08671893561416014,0.08639602121911413,0.006045922347456922,0.004917715109331388,0.0121695107356418,-0.0003229143950460034,-0.0050949998274140975,0.004321258801134172,-0.0037236895582154197,True
0,HGB,none,race,platt_global,Unknown,1917,141,0.07355242566510173,0.07861001820216218,0.019299647155810326,0.013005535367073962,0.03202344991448489,0.005057592537060451,-0.0066079143793535185,0.0171429951995487,0.06876173683365167,False
0,HGB,none,race,platt_global,Other,1149,79,0.06875543951261967,0.07574625807852906,0.01500174819477167,0.01472089571967628,0.0350221504665864,0.006990818565909385,-0.007047432449429263,0.020390040216119495,0.10167658901556814,True
0,HGB,none,race,platt_global,Asian,488,41,0.08401639344262295,0.08415924587802237,0.027837750044211133,0.023908688493901195,0.0642602082432714,0.00014285243539942372,-0.024307001804831238,0.023224807500313586,0.0017002924018272873,True
0,HGB,none,race,platt_global,Hispanic,1501,122,0.08127914723517655,0.08462293845323644,0.01330852251190455,0.013896422134459002,0.034585271540552076,0.0033437912180598883,-0.009251920506896081,0.016974471132199784,0.0411395952320319,True
0,HGB,none,race,iso_global,Caucasian,52305,4807,0.09190325972660357,0.0914174914133991,0.003737049380284454,0.0031527155018538935,0.006719255739280701,-0.0004857683132044738,-0.00283588400985003,0.00197528259558269,-0.005285648350771791,True
0,HGB,none,race,iso_global,AfricanAmerican,12627,1095,0.08671893561416014,0.08639344626526212,0.0069463614520082016,0.005455791191321895,0.013202166010031994,-0.00032548934889801984,-0.005295467761144381,0.004312239741024697,-0.0037533826561966174,True
0,HGB,none,race,iso_global,Unknown,1917,141,0.07355242566510173,0.07906169236249956,0.018430308899339914,0.01277702922051738,0.03177274432052045,0.005509266697397833,-0.006014599606991164,0.01572771028134195,0.07490258339653648,False
0,HGB,none,race,iso_global,Other,1149,79,0.06875543951261967,0.07537905469689048,0.02359745083247465,0.01717359955420937,0.04267913390618531,0.006623615184270806,-0.008442535536965485,0.019702807339920955,0.09633587147755894,True
0,HGB,none,race,iso_global,Asian,488,41,0.08401639344262295,0.08384392344023603,0.024404828548722148,0.02496714758030509,0.061004375809293965,-0.000172470002386918,-0.02617273179808271,0.022392092106102206,-0.0020528136869467314,True
0,HGB,none,race,iso_global,Hispanic,1501,122,0.08127914723517655,0.08478579468022746,0.01913764221393558,0.014959990001269356,0.036186899369439925,0.0035066474450509005,-0.009508522642005387,0.016614538148161755,0.04314326077886395,True
0,HGB,none,race,platt_group,Caucasian,52305,4807,0.09190325972660357,0.09149838838185265,0.0039807231396236185,0.0031280121086495164,0.006762712665791483,-0.00040487134475092335,-0.002823827486728017,0.0019987104416273583,-0.0044054078816719465,True
0,HGB,none,race,platt_group,AfricanAmerican,12627,1095,0.08671893561416014,0.08876903977043932,0.005673235557465873,0.0047199357236128595,0.012260058838575543,0.002050104156279181,-0.002862102745799772,0.006637860091126443,0.023640790119942665,True
0,HGB,none,race,platt_group,Unknown,1917,141,0.07355242566510173,0.07290065540450473,0.015784496081395587,0.013044048088955693,0.030688310066905103,-0.0006517702605969983,-0.012863221394591316,0.010075832245082609,-0.00886130205364855,False
0,HGB,none,race,platt_group,Other,1149,79,0.06875543951261967,0.07574625807852906,0.01500174819477167,0.014305670929221068,0.03478735108668508,0.006990818565909385,-0.008048466497004268,0.020768694004579154,0.10167658901556814,True
0,HGB,none,race,platt_group,Asian,488,41,0.08401639344262295,0.08415924587802237,0.027837750044211133,0.024418210257138192,0.06402990154718671,0.00014285243539942372,-0.024358952487466008,0.023276082618875833,0.0017002924018272873,True
0,HGB,none,race,platt_group,Hispanic,1501,122,0.08127914723517655,0.0869168736628615,0.01513133886205955,0.013143337611154052,0.03248167998763307,0.005637726427684939,-0.008634601755846877,0.0189695588855603,0.06936251940946797,True
0,HGB,none,race,iso_group,Caucasian,52305,4807,0.09190325972660357,0.09159218593249958,0.004677712972067859,0.003616616805368377,0.007591202284998211,-0.00031107379410398595,-0.0028917422889098592,0.0020197194286877317,-0.0033847960891635084,True
0,HGB,none,race,iso_group,AfricanAmerican,12627,1095,0.08671893561416014,0.08872955860282322,0.009074937206381362,0.0075338142071006975,0.015480792871217133,0.0020106229886630855,-0.003145790341045523,0.006875313247472685,0.023185512765158702,True
0,HGB,none,race,iso_group,Unknown,1917,141,0.07355242566510173,0.07366837596730205,0.02306078016332077,0.017989588910642784,0.037281943061545975,0.00011595030220032387,-0.011838866040504215,0.010771788018174449,0.0015764307043831265,False
0,HGB,none,race,iso_group,Other,1149,79,0.06875543951261967,0.07537905469689048,0.02359745083247465,0.016996830914973348,0.04174515499550258,0.006623615184270806,-0.007801223599179043,0.02100302962178602,0.09633587147755894,True
0,HGB,none,race,iso_group,Asian,488,41,0.08401639344262295,0.08384392344023603,0.024404828548722148,0.02370647299440098,0.06053985175691766,-0.000172470002386918,-0.027378118720610353,0.023095380698578367,-0.0020528136869467314,True
0,HGB,none,race,iso_group,Hispanic,1501,122,0.08127914723517655,0.08733384449364645,0.015453379407619528,0.013980219658861657,0.03477098446857575,0.006054697258469896,-0.007973829404147925,0.01956178423341683,0.07449262774560093,True
0,HGB,none,age,raw,[80-90),11110,1199,0.10792079207920792,0.10496409371454572,0.013644401220005669,0.010738064615827854,0.02021461222836961,-0.002956698364662197,-0.00894963832787002,0.002475357286914207,-0.027396929800998338,True
0,HGB,none,age,raw,[90-100),1761,168,0.09540034071550256,0.09701927285523831,0.030913467785400384,0.022912430562548006,0.04637092846539261,0.0016189321397357542,-0.012719874056417214,0.014676845151562666,0.016969877964730137,True
0,HGB,none,age,raw,[40-50),6828,506,0.07410661980082016,0.07359877788476814,0.013298823396329621,0.009684503510003497,0.02026449054279213,-0.0005078419160520209,-0.0065204571716126,0.005765763895559958,-0.0068528549462513804,True
0,HGB,none,age,raw,[50-60),12351,880,0.07124929155533966,0.07050205647948565,0.008205904579062529,0.007010643564002232,0.014157544353284915,-0.0007472350758540025,-0.005436486172944451,0.003797628354403715,-0.010487614115764527,True
0,HGB,none,age,raw,[60-70),15688,1415,0.09019632840387558,0.0868566662960561,0.009320839793084111,0.007357942285868848,0.01486068675020641,-0.0033396621078194827,-0.007774759130606962,0.0010242326007801987,-0.0370265859699449,True
0,HGB,none,age,raw,[70-80),17749,1817,0.10237196461772494,0.0999557857876544,0.010544860392033407,0.008597926583664262,0.016184299852228905,-0.002416178830070531,-0.007074209064970405,0.0017924004428827066,-0.023601958203038998,True
0,HGB,none,age,raw,[20-30),1121,83,0.07404103479036575,0.07548612760013852,0.008038314848360248,0.012466506487821499,0.032807656943833856,0.0014450928097727717,-0.014038829315469766,0.015516990807084671,0.01951745831030454,True
0,HGB,none,age,raw,[10-20),534,26,0.04868913857677903,0.05155304846100939,0.028295265154701876,0.021380439594297078,0.050256612552181994,0.0028639098842303604,-0.016470709718669905,0.021304573061238154,0.058820303006885094,True
0,HGB,none,age,raw,[30-40),2692,188,0.06983655274888559,0.0736652634093694,0.010060342822978368,0.009648645464416095,0.022985956641979267,0.0038287106604838056,-0.005624126314651343,0.013154837917733142,0.05482387818097024,True
0,HGB,none,age,raw,[0-10),153,3,0.0196078431372549,0.02289492317735231,0.01705621170420927,0.01453802637306581,0.05137753037267966,0.0032870800400974093,-0.021935145913276267,0.022180784958349485,0.1676410820449679,False
0,HGB,none,age,platt_global,[80-90),11110,1199,0.10792079207920792,0.10439992935993694,0.006976988617274849,0.00643082261136983,0.014556246137094112,-0.0035208627192709757,-0.009814342627661055,0.0024356582764602126,-0.032624507765721886,True
0,HGB,none,age,platt_global,[90-100),1761,168,0.09540034071550256,0.09789590943197728,0.02475111807263848,0.019831532625420673,0.04323789394978998,0.0024955687164747165,-0.011766765566021211,0.015552441588593577,0.026158907795904615,True
0,HGB,none,age,platt_global,[40-50),6828,506,0.07410661980082016,0.07712424154871489,0.007916604414424324,0.00661922074652155,0.015769722182531705,0.0030176217478947304,-0.00317232119284361,0.009077306040046997,0.04072000255854786,True
0,HGB,none,age,platt_global,[50-60),12351,880,0.07124929155533966,0.07431858128791376,0.008692701312521091,0.006736551982841259,0.013876332359304128,0.0030692897325741014,-0.0012311897778435113,0.007628548937934776,0.043078178962525825,True
0,HGB,none,age,platt_global,[60-70),15688,1415,0.09019632840387558,0.08879866285751807,0.005838231966649033,0.00475534478826305,0.011484370522923665,-0.0013976655463575072,-0.0060721016602284595,0.002989423565000369,-0.015495814198767895,True
0,HGB,none,age,platt_global,[70-80),17749,1817,0.10237196461772494,0.09990989550870324,0.0054866694014447815,0.004818567216377566,0.011287395935283826,-0.0024620691090216917,-0.007145850372075018,0.001748651294798572,-0.024050228187135942,True
0,HGB,none,age,platt_global,[20-30),1121,83,0.07404103479036575,0.07813973323143805,0.01183816407165695,0.013127092624723382,0.033804133351002304,0.0040986984410723015,-0.01265794449061561,0.01818761653484053,0.05535711990894036,True
0,HGB,none,age,platt_global,[10-20),534,26,0.04868913857677903,0.056037963370448356,0.024158543376734166,0.020260622485687763,0.047732599491584454,0.0073488247936693285,-0.012130862547231846,0.025123505740970182,0.15093355537767006,True
0,HGB,none,age,platt_global,[30-40),2692,188,0.06983655274888559,0.07710355097777866,0.01617270903986795,0.01156611902936817,0.02591551672845529,0.007266998228893068,-0.002201869624823349,0.016555349195638815,0.104057229958405,True
0,HGB,none,age,platt_global,[0-10),153,3,0.0196078431372549,0.02836859230929845,0.019814648329690134,0.018169590398177695,0.05207873355135174,0.008760749172043548,-0.014543035448495422,0.027018639739604763,0.44679820777422097,False
0,HGB,none,age,iso_global,[80-90),11110,1199,0.10792079207920792,0.10435633342753518,0.010127494804933452,0.008008193377056374,0.017178034626833052,-0.003564458651672736,-0.009294974674929552,0.0021956433437435264,-0.033028470075132696,True
0,HGB,none,age,iso_global,[90-100),1761,168,0.09540034071550256,0.09765253174549482,0.01868906719137247,0.017520289520356027,0.04211213279830385,0.0022521910299922593,-0.011657122977834248,0.015455009711301343,0.023607788117954574,True
0,HGB,none,age,iso_global,[40-50),6828,506,0.07410661980082016,0.07716993521160914,0.010493014993421668,0.008493319992113932,0.018081084485893642,0.003063315410788983,-0.0027272701162165667,0.009472846951106867,0.041336596096575445,True
0,HGB,none,age,iso_global,[50-60),12351,880,0.07124929155533966,0.07439100205909872,0.007282480648215994,0.006057211707312765,0.012616032416511443,0.003141710503759068,-0.0011194106728705925,0.007413081209829615,0.04409462094537301,True
0,HGB,none,age,iso_global,[60-70),15688,1415,0.09019632840387558,0.08895706329285655,0.005940304570199159,0.005110933085968096,0.012070119416409912,-0.0012392651110190306,-0.005806525174991362,0.003351696001507957,-0.013739640326266114,True
0,HGB,none,age,iso_global,[70-80),17749,1817,0.10237196461772494,0.10003422092532704,0.005143102915121896,0.004350653949728934,0.010492743186458953,-0.0023377436923978923,-0.007156979908159981,0.0017132287511412204,-0.022835780295195483,True
0,HGB,none,age,iso_global,[20-30),1121,83,0.07404103479036575,0.07946469828348716,0.011273430500664412,0.012969456802822176,0.033287138714485374,0.005423663493121414,-0.008405812787695546,0.020459882015443256,0.07325212982878439,True
0,HGB,none,age,iso_global,[10-20),534,26,0.04868913857677903,0.05487239209724402,0.02998407847434654,0.019598361666448523,0.04980943987115994,0.00618325352046499,-0.01172952364599944,0.02374470448732299,0.1269945146126271,True
0,HGB,none,age,iso_global,[30-40),2692,188,0.06983655274888559,0.07741332843153546,0.010666443550167,0.011066159407658104,0.024804696399679572,0.007576775682649875,-0.00156898217372466,0.0169437729278797,0.10849297945581629,True
0,HGB,none,age,iso_global,[0-10),153,3,0.0196078431372549,0.02551782779672368,0.017880893112936374,0.015469403977179696,0.049785578725640295,0.005909984659468778,-0.01931081747916683,0.024271454222817346,0.3014092176329077,False
0,HGB,none,age,platt_group,[80-90),11110,1199,0.10792079207920792,0.10599324598143459,0.010851568312277519,0.007975298186212657,0.017268580305414026,-0.0019275460977733333,-0.007022001281563472,0.003667233733436794,-0.01786074824542263,True
0,HGB,none,age,platt_group,[90-100),1761,168,0.09540034071550256,0.09852458976257494,0.02383012052598615,0.01688662099799028,0.03873230360896458,0.0031242490470723833,-0.010426862351739717,0.017677241686522464,0.03274882483270516,True
0,HGB,none,age,platt_group,[40-50),6828,506,0.07410661980082016,0.0788282225031482,0.010595245335205452,0.008517508770593863,0.01905793316111482,0.004721602702328034,-0.001657135560273674,0.010716581097267818,0.06371364278951742,True
0,HGB,none,age,platt_group,[50-60),12351,880,0.07124929155533966,0.0722490627274652,0.007236657333585725,0.00597496662121576,0.012810700850909327,0.0009997711721255464,-0.0036588463221065583,0.00548904512807936,0.014032015621502981,True
0,HGB,none,age,platt_group,[60-70),15688,1415,0.09019632840387558,0.09137153928633025,0.0069922670480087705,0.005727662154407458,0.01266732904785193,0.0011752108824546748,-0.003220389441786842,0.00527609987775098,0.013029475847313737,True
0,HGB,none,age,platt_group,[70-80),17749,1817,0.10237196461772494,0.10110691364112977,0.005305339523357971,0.0043869408530664775,0.010678823799411485,-0.0012650509765951695,-0.005972932958413424,0.0026774726363464085,-0.01235739668882095,True
0,HGB,none,age,platt_group,[20-30),1121,83,0.07404103479036575,0.07813973323143805,0.01183816407165695,0.012639034612988577,0.03400574439600456,0.0040986984410723015,-0.011214414349592148,0.01880009405958642,0.05535711990894036,True
0,HGB,none,age,platt_group,[10-20),534,26,0.04868913857677903,0.056037963370448356,0.024158543376734166,0.018802452784644496,0.047748929220868555,0.0073488247936693285,-0.013566172188370387,0.023429930372987386,0.15093355537767006,True
0,HGB,none,age,platt_group,[30-40),2692,188,0.06983655274888559,0.06241188747423722,0.015496001076995034,0.010422146809873457,0.025920958972930282,-0.0074246652746483704,-0.01759522551341541,0.0019306439328580305,-0.10631488786890113,True
0,HGB,none,age,platt_group,[0-10),153,3,0.0196078431372549,0.02836859230929845,0.019814648329690134,0.018300078291506438,0.052351030173781586,0.008760749172043548,-0.015314920900252613,0.028235218402460103,0.44679820777422097,False
0,HGB,none,age,iso_group,[80-90),11110,1199,0.10792079207920792,0.10576168038930121,0.010734219299213123,0.008207254451623715,0.01722507048519676,-0.0021591116899067064,-0.008069393807355878,0.0035197783437526877,-0.02000644776886031,True
0,HGB,none,age,iso_group,[90-100),1761,168,0.09540034071550256,0.09894602334670852,0.026534978762631063,0.01996554101383136,0.04353130377992888,0.003545682631205957,-0.010233348681451192,0.01674162963743642,0.03716635186639101,True
0,HGB,none,age,iso_group,[40-50),6828,506,0.07410661980082016,0.08032719530411402,0.018758922234730805,0.014417330146940341,0.02554208400044334,0.006220575503293857,8.931295543854366e-05,0.01263235045395738,0.08394088841203647,True
0,HGB,none,age,iso_group,[50-60),12351,880,0.07124929155533966,0.07248040919389016,0.01313850168664163,0.010843757850119281,0.0185065446396466,0.001231117638550508,-0.00395031590926951,0.0056970065742708515,0.017279015856519683,True
0,HGB,none,age,iso_group,[60-70),15688,1415,0.09019632840387558,0.09123381899345943,0.007868761944421664,0.0062902475879508995,0.013059382336057234,0.001037490589583856,-0.003523739900040209,0.005820189808012913,0.011502581179782001,True
0,HGB,none,age,iso_group,[70-80),17749,1817,0.10237196461772494,0.10114712433668602,0.007284733299520636,0.006062719561876659,0.013092994782879577,-0.0012248402810389192,-0.005720458967357349,0.0034822277429710988,-0.011964606575762123,True
0,HGB,none,age,iso_group,[20-30),1121,83,0.07404103479036575,0.07946469828348716,0.011273430500664412,0.01322872028755166,0.03345103301036499,0.005423663493121414,-0.00924242350711494,0.01980886495953092,0.07325212982878439,True
0,HGB,none,age,iso_group,[10-20),534,26,0.04868913857677903,0.05487239209724402,0.02998407847434654,0.020062111954101798,0.0504790676028405,0.00618325352046499,-0.011773802244955767,0.02393912188176441,0.1269945146126271,True
0,HGB,none,age,iso_group,[30-40),2692,188,0.06983655274888559,0.06290559937067997,0.02104738053053631,0.01562997494802439,0.03102910355440795,-0.006930953378205623,-0.016789781161055457,0.0026562838732974714,-0.09924535369217839,True
0,HGB,none,age,iso_group,[0-10),153,3,0.0196078431372549,0.02551782779672368,0.017880893112936374,0.015498589685972682,0.04990598029479131,0.005909984659468778,-0.019620052254561687,0.025159529245682273,0.3014092176329077,False
0,HGB,none,gender,raw,Female,37239,3365,0.09036225462552701,0.08901362183903963,0.008603035798556025,0.006632643519406864,0.011798563911967359,-0.0013486327864873776,-0.004260024701925781,0.0014872124159734982,-0.014924735909659273,True
0,HGB,none,gender,raw,Male,32748,2920,0.08916575058018811,0.08691244729564256,0.009061472033337924,0.007391608902803583,0.012481078501523595,-0.002253303284545552,-0.005311704730988408,0.0007835393759334715,-0.02527095067201977,True
0,HGB,none,gender,platt_global,Female,37239,3365,0.09036225462552701,0.09041734157860938,0.00424015636142619,0.0035529439734710206,0.0077258988301143906,5.508695308237277e-05,-0.0028491732024865926,0.002806901106879281,0.0006096234905897412,True
0,HGB,none,gender,platt_global,Male,32748,2920,0.08916575058018811,0.08872407087379096,0.0026065179179735544,0.002758493206309437,0.006697456209665818,-0.0004416797063971495,-0.003647533095279646,0.002547417063348114,-0.004953468159278716,True
0,HGB,none,gender,iso_global,Female,37239,3365,0.09036225462552701,0.09049067497642227,0.003955301762269697,0.0036722360542605385,0.007943079583894643,0.00012842035089526138,-0.002840314250396158,0.0028233222618935503,0.0014211724953903829,True
0,HGB,none,gender,iso_global,Male,32748,2920,0.08916575058018811,0.08883140342866162,0.00493742474888878,0.0036210106719046253,0.008399905141465215,-0.00033434715152648453,-0.003616639610822434,0.002460069883968694,-0.0037497262048593544,True
0,HGB,none,gender,platt_group,Female,37239,3365,0.09036225462552701,0.09115312268289154,0.005040906632525596,0.003582642308842966,0.008537635092541126,0.0007908680573645299,-0.0021409174285904123,0.0037930080702453083,0.008752194825615966,True
0,HGB,none,gender,platt_group,Male,32748,2920,0.08916575058018811,0.08787385123236832,0.002684331591102789,0.002904563405820066,0.007191690618221096,-0.001291899347819786,-0.004361155431475932,0.0017493915254478377,-0.0144887396720556,True
0,HGB,none,gender,iso_group,Female,37239,3365,0.09036225462552701,0.09112829232216844,0.006410460108489616,0.004789369681945123,0.009780806420797813,0.0007660376966414362,-0.0021717739271149435,0.003446737702447646,0.00847740795994961,True
0,HGB,none,gender,iso_group,Male,32748,2920,0.08916575058018811,0.08819871974762768,0.005087656372099546,0.004729338126162712,0.00928748601086144,-0.000967030832560431,-0.003734186087573216,0.0022869695314926613,-0.010845317022153765,True
0,HGB,balanced,race,raw,Caucasian,52305,4807,0.09190325972660357,0.4099523224325683,0.31804906270596484,0.31520991481698424,0.3204759614944519,0.3180490627059647,0.31543759986783626,0.32076923633112125,3.460694034706779,True
0,HGB,balanced,race,raw,AfricanAmerican,12627,1095,0.08671893561416014,0.3899127470145404,0.3031938114003802,0.2977584165777748,0.3085938929006132,0.30319381140038026,0.297914511190545,0.30857799262155317,3.496281512833426,True
0,HGB,balanced,race,raw,Unknown,1917,141,0.07355242566510173,0.35442800319461226,0.2808755775295105,0.2678435822503978,0.29374269898474,0.28087557752951053,0.26835835987877704,0.2937134923165173,3.818712639177813,False
0,HGB,balanced,race,raw,Other,1149,79,0.06875543951261967,0.3302816299826824,0.2615261904700627,0.24534737773638637,0.2760699282871566,0.26152619047006276,0.24393637638418778,0.27699723713713753,3.803716365191166,True
0,HGB,balanced,race,raw,Asian,488,41,0.08401639344262295,0.36069588906019023,0.2766794956175673,0.25251344853848257,0.30191355723176894,0.2766794956175673,0.24795048167431094,0.3021931027934228,3.2931608258871425,True
0,HGB,balanced,race,raw,Hispanic,1501,122,0.08127914723517655,0.3576548132958072,0.27637566606063046,0.2623992113392773,0.2910271008518737,0.27637566606063063,0.2620783505154894,0.29052556909492927,3.4003268422705455,True
0,HGB,balanced,race,platt_global,Caucasian,52305,4807,0.09190325972660357,0.09180595876230123,0.008421211447338203,0.006690389445606659,0.011348264387538942,-9.730096430234092e-05,-0.0025219630282879765,0.0023589597630939135,-0.0010587324605437782,True
0,HGB,balanced,race,platt_global,AfricanAmerican,12627,1095,0.08671893561416014,0.08631545408465037,0.008884546171269252,0.00661140067788128,0.014708227261268044,-0.00040348152950976657,-0.00505228063412799,0.004188327235357387,-0.004652750021113993,True
0,HGB,balanced,race,platt_global,Unknown,1917,141,0.07355242566510173,0.07676922719038576,0.015106969477431191,0.013109135839612691,0.030199835428829914,0.00321680152528403,-0.008609139841205453,0.014913703260470685,0.043734812226733935,False
0,HGB,balanced,race,platt_global,Other,1149,79,0.06875543951261967,0.0715262622385846,0.016115034141492457,0.015380183822702191,0.03738111594863188,0.002770822725964933,-0.011343339060785157,0.016305819059401223,0.0402996874953634,True
0,HGB,balanced,race,platt_global,Asian,488,41,0.08401639344262295,0.07883848886805536,0.027538071371341174,0.026294494899694727,0.06234898288957599,-0.005177904574567585,-0.030716709525037633,0.018189725975220016,-0.06162969347290199,True
0,HGB,balanced,race,platt_global,Hispanic,1501,122,0.08127914723517655,0.07966893538211037,0.01703685506483958,0.012883455680798156,0.03353161382484655,-0.0016102118530661874,-0.01395212590540513,0.011839559386012005,-0.01981088517583891,True
0,HGB,balanced,race,iso_global,Caucasian,52305,4807,0.09190325972660357,0.09186935661470169,0.004436032705373126,0.0034030526094690847,0.007192644460257818,-3.3903111901878447e-05,-0.0023506826982203776,0.0024602249896547405,-0.0003688999933488147,True
0,HGB,balanced,race,iso_global,AfricanAmerican,12627,1095,0.08671893561416014,0.0863882706413827,0.0051160011467549105,0.0044210410022507245,0.011799369991060321,-0.00033066497277743634,-0.005226284176839692,0.004255451989323896,-0.0038130653984115876,True
0,HGB,balanced,race,iso_global,Unknown,1917,141,0.07355242566510173,0.0768566247579238,0.019427985901642828,0.014073021227299561,0.032000338856577264,0.003304199092822077,-0.008495596397310725,0.013773685900773915,0.04492304724070866,False
0,HGB,balanced,race,iso_global,Other,1149,79,0.06875543951261967,0.07258792647914454,0.019200484655227553,0.013496628213916763,0.03573128036550045,0.00383248696652487,-0.011048209758886483,0.01768624036219965,0.05574085474097564,True
0,HGB,balanced,race,iso_global,Asian,488,41,0.08401639344262295,0.07947059185825404,0.03197844104844741,0.02640378330798636,0.0646637987129748,-0.004545801584368903,-0.031054105005386235,0.018327511955895676,-0.05410612617492743,True
0,HGB,balanced,race,iso_global,Hispanic,1501,122,0.08127914723517655,0.08175627029949863,0.01244532189897193,0.013244181309398698,0.03394926148597056,0.0004771230643220714,-0.012542285168637203,0.013877736380100088,0.005870178029077288,True
0,HGB,balanced,race,platt_group,Caucasian,52305,4807,0.09190325972660357,0.0915511841981987,0.008430811863671983,0.006743674532458253,0.011114185695724683,-0.0003520755284048688,-0.0027695946524976056,0.0020750220847768263,-0.0038309362415678517,True
0,HGB,balanced,race,platt_group,AfricanAmerican,12627,1095,0.08671893561416014,0.08887796136983805,0.006693249087921736,0.005267789944564939,0.012574548402527828,0.002159025755677918,-0.0027401069488952883,0.006782279351846122,0.024896820289447553,True
0,HGB,balanced,race,platt_group,Unknown,1917,141,0.07355242566510173,0.07314173986072316,0.020423130230417495,0.015479147754308857,0.034566564006500516,-0.0004106858043785716,-0.012695053786250072,0.010351266600761164,-0.005583579340381005,False
0,HGB,balanced,race,platt_group,Other,1149,79,0.06875543951261967,0.0715262622385846,0.016115034141492457,0.015200344594352077,0.038375204195267076,0.002770822725964933,-0.012296311143966983,0.016665029244411007,0.0402996874953634,True
0,HGB,balanced,race,platt_group,Asian,488,41,0.08401639344262295,0.07883848886805536,0.027538071371341174,0.025677772244989596,0.0652333233607649,-0.005177904574567585,-0.029910479712122316,0.018232486900578455,-0.06162969347290199,True
0,HGB,balanced,race,platt_group,Hispanic,1501,122,0.08127914723517655,0.08209116690412332,0.018289549298983594,0.013732557167788225,0.03438807128368772,0.0008120196689467701,-0.013378693141674858,0.014234293623523393,0.00999050428761559,True
0,HGB,balanced,race,iso_group,Caucasian,52305,4807,0.09190325972660357,0.09164012682476634,0.005000936927331732,0.003600703689398456,0.008001022415186706,-0.00026313290183722915,-0.0028930667602439387,0.002240872473079991,-0.002863150911295251,True
0,HGB,balanced,race,iso_group,AfricanAmerican,12627,1095,0.08671893561416014,0.08878783428528444,0.01002560096577038,0.007827847344321586,0.016348091695721732,0.0020688986711243085,-0.002949211748258209,0.006804901506005872,0.023857519196608806,True
0,HGB,balanced,race,iso_group,Unknown,1917,141,0.07355242566510173,0.07574685482933798,0.02786310948151956,0.02165575724569471,0.04161416931152116,0.0021944291642362473,-0.009402139631394326,0.012740777290363629,0.029834898637169403,False
0,HGB,balanced,race,iso_group,Other,1149,79,0.06875543951261967,0.07258792647914454,0.019200484655227553,0.014048314916716782,0.03503616381199804,0.00383248696652487,-0.009828983961279543,0.018048480494117527,0.05574085474097564,True
0,HGB,balanced,race,iso_group,Asian,488,41,0.08401639344262295,0.07947059185825404,0.03197844104844741,0.027101672455909363,0.06473246913138783,-0.004545801584368903,-0.03243284146740128,0.01913764222704602,-0.05410612617492743,True
0,HGB,balanced,race,iso_group,Hispanic,1501,122,0.08127914723517655,0.08414608554594144,0.016269079596378532,0.014317742871863827,0.03526382383942628,0.0028669383107648855,-0.011068817264568308,0.016603201950988765,0.0352727410201483,True
0,HGB,balanced,age,raw,[80-90),11110,1199,0.10792079207920792,0.45845551581810146,0.3505347237388935,0.3440897559129819,0.35576787477864497,0.35053472373889355,0.34427492838894835,0.35613825345898736,3.2480740456539676,True
0,HGB,balanced,age,raw,[90-100),1761,168,0.09540034071550256,0.4367198520501178,0.34131951133461524,0.3258916647737239,0.3558271973239487,0.34131951133461524,0.3260153712637248,0.3551215912550682,3.5777598777396276,True
0,HGB,balanced,age,raw,[40-50),6828,506,0.07410661980082016,0.35314014726648624,0.279033527465666,0.2717057618029077,0.2858260915739924,0.27903352746566606,0.27255250345494697,0.28577578946841514,3.7652982718094226,True
0,HGB,balanced,age,raw,[50-60),12351,880,0.07124929155533966,0.33808399502380515,0.2668347034684653,0.2623619444476519,0.27157781005420745,0.2668347034684655,0.26187957104306825,0.27187496626178964,3.745085707430701,True
0,HGB,balanced,age,raw,[60-70),15688,1415,0.09019632840387558,0.40530662778633547,0.31511029938246005,0.31003030072792637,0.3195159451549598,0.3151102993824599,0.31060047367254573,0.3194319749867444,3.4936045065102688,True
0,HGB,balanced,age,raw,[70-80),17749,1817,0.10237196461772494,0.4423456136442444,0.3399736490265194,0.33542895599762645,0.34437465324583477,0.3399736490265195,0.3352094712003221,0.3446101985363772,3.3209643899679113,True
0,HGB,balanced,age,raw,[20-30),1121,83,0.07404103479036575,0.33673291136219774,0.262691876571832,0.24569597428223353,0.27763493419080915,0.262691876571832,0.24525269251214968,0.2780825095323634,3.5479228149038997,True
0,HGB,balanced,age,raw,[10-20),534,26,0.04868913857677903,0.26020165787808947,0.21151251930131043,0.1895918904359794,0.23235943777476484,0.21151251930131043,0.1894052789932949,0.23470279332015673,4.344141742573068,True
0,HGB,balanced,age,raw,[30-40),2692,188,0.06983655274888559,0.35064655094595176,0.28080999819706615,0.26965088817483307,0.2909302331341441,0.2808099981970662,0.26988232087713004,0.29139855756116934,4.0209601869494795,True
0,HGB,balanced,age,raw,[0-10),153,3,0.0196078431372549,0.1199135250492764,0.1003056819120215,0.0796010031420201,0.12695958919767192,0.1003056819120215,0.07372871672039168,0.12562251818685116,5.1155897775130965,False
0,HGB,balanced,age,platt_global,[80-90),11110,1199,0.10792079207920792,0.1045389217292786,0.0122680334311383,0.009399022011295794,0.01903312649320169,-0.003381870349929317,-0.009630507375814619,0.0023374471254478846,-0.03133659682044596,True
0,HGB,balanced,age,platt_global,[90-100),1761,168,0.09540034071550256,0.0974749942344648,0.024546269890420472,0.019041015875198384,0.04114867782542309,0.002074653518962244,-0.0125130218591952,0.015003481529974183,0.02174681456483638,True
0,HGB,balanced,age,platt_global,[40-50),6828,506,0.07410661980082016,0.07640411757884055,0.012534203249638975,0.010425143090609565,0.02042407685126103,0.0022974977780203937,-0.003877986118762299,0.008569851191006441,0.03100259847494713,True
0,HGB,balanced,age,platt_global,[50-60),12351,880,0.07124929155533966,0.07340128358595444,0.00851990830050221,0.006706837478879017,0.013893432744993222,0.00215199203061478,-0.002136626268603177,0.006635103622530361,0.030203697238776302,True
0,HGB,balanced,age,platt_global,[60-70),15688,1415,0.09019632840387558,0.08991112281490002,0.009851527080776412,0.007109299022198203,0.015265380910136725,-0.0002852055889755595,-0.005020373028392052,0.004223150337014605,-0.003162053201306415,True
0,HGB,balanced,age,platt_global,[70-80),17749,1817,0.10237196461772494,0.10055863450875013,0.0066310029911570145,0.0057821189427420625,0.012384011186901094,-0.0018133301089748033,-0.00656265093660185,0.0024163075659788123,-0.0177131514057203,True
0,HGB,balanced,age,platt_global,[20-30),1121,83,0.07404103479036575,0.0747247524000843,0.023298432724675286,0.018307471895858195,0.043190459298360837,0.0006837176097185538,-0.015711606504327114,0.014694404016974756,0.009234306511981913,True
0,HGB,balanced,age,platt_global,[10-20),534,26,0.04868913857677903,0.05618223234191365,0.02544168302701474,0.020672627216563738,0.04786682028743401,0.007493093765134622,-0.011337708832377032,0.025096409446966596,0.15389661809930338,True
0,HGB,balanced,age,platt_global,[30-40),2692,188,0.06983655274888559,0.07607083637346389,0.010980331117182834,0.01010205780230322,0.023904160551989996,0.006234283624578299,-0.003411222476803949,0.01565677375194524,0.08926963573066372,True
0,HGB,balanced,age,platt_global,[0-10),153,3,0.0196078431372549,0.026036907838462735,0.02133317915685493,0.01712260433787213,0.04832040279502429,0.006429064701207833,-0.01685092913912908,0.024657285770284452,0.3278822997615995,False
0,HGB,balanced,age,iso_global,[80-90),11110,1199,0.10792079207920792,0.10431397968177258,0.014495096456489812,0.010076026360884298,0.020220359882694286,-0.0036068123974353355,-0.009193911568468351,0.0021820642250349157,-0.033420922214767786,True
0,HGB,balanced,age,iso_global,[90-100),1761,168,0.09540034071550256,0.09602760956872679,0.026107396483651464,0.020287687188670498,0.04330983598863503,0.0006272688532242277,-0.01342213219051267,0.014095219191155273,0.006575121729332529,True
0,HGB,balanced,age,iso_global,[40-50),6828,506,0.07410661980082016,0.0766523539509471,0.009398943124522975,0.007447576213871767,0.016650962865381886,0.0025457341501269465,-0.00335202185274701,0.008830671345709225,0.034352317741238717,True
0,HGB,balanced,age,iso_global,[50-60),12351,880,0.07124929155533966,0.07459693652115741,0.006246005273284854,0.0052426173911898615,0.011881738333641506,0.003347644965817756,-0.000869396129392613,0.007447854165570836,0.04698495792365352,True
0,HGB,balanced,age,iso_global,[60-70),15688,1415,0.09019632840387558,0.08941092247069003,0.007106199745340898,0.0057540026275033004,0.012800088127757065,-0.0007854059331855456,-0.005530279066120666,0.003810018117335191,-0.008707737300222501,True
0,HGB,balanced,age,iso_global,[70-80),17749,1817,0.10237196461772494,0.10060130252554997,0.009427330594550119,0.0069486336169802725,0.01449993638688162,-0.0017706620921749683,-0.0065830314658557754,0.0023163571947158314,-0.01729635744304541,True
0,HGB,balanced,age,iso_global,[20-30),1121,83,0.07404103479036575,0.0776336980896437,0.021024776859990053,0.01767342375993911,0.040109085147445135,0.0035926632992779456,-0.00988178914441323,0.017822674897332268,0.048522597090247914,True
0,HGB,balanced,age,iso_global,[10-20),534,26,0.04868913857677903,0.05729845890197932,0.019525795209907566,0.019854825469185974,0.045524327337920334,0.008609320325200294,-0.009334965907029823,0.025995320487893245,0.1768221943714214,True
0,HGB,balanced,age,iso_global,[30-40),2692,188,0.06983655274888559,0.0762438949942002,0.013030119840787837,0.011822108139345382,0.02538436700782937,0.006407342245314612,-0.0027892698005540567,0.01569921750111885,0.0917476878956752,True
0,HGB,balanced,age,iso_global,[0-10),153,3,0.0196078431372549,0.028761569967018324,0.01672257812132803,0.017725690119119796,0.048659922925797516,0.009153726829763422,-0.016171164945950292,0.027614089579122106,0.4668400683179345,False
0,HGB,balanced,age,platt_group,[80-90),11110,1199,0.10792079207920792,0.1062072144009629,0.012195843416198521,0.00891154917934179,0.01884198190169911,-0.0017135776782450235,-0.0069665649272619415,0.003885548457839125,-0.015878105091995172,True
0,HGB,balanced,age,platt_group,[90-100),1761,168,0.09540034071550256,0.09951798885584166,0.025618785810852453,0.018796040771167352,0.04000273788157855,0.004117648140339103,-0.009969081225784354,0.018611601384147292,0.04316177604248309,True
0,HGB,balanced,age,platt_group,[40-50),6828,506,0.07410661980082016,0.0782393081752101,0.010808635018218899,0.008795453477213224,0.018262852151521857,0.004132688374389945,-0.0021458813152012706,0.010181919945572387,0.05576679094927775,True
0,HGB,balanced,age,platt_group,[50-60),12351,880,0.07124929155533966,0.07249416857003968,0.0074863633129654905,0.00616612011390963,0.012823134627938122,0.0012448770147000243,-0.003399874561940639,0.0057584287453532525,0.01747213182790909,True
0,HGB,balanced,age,platt_group,[60-70),15688,1415,0.09019632840387558,0.0914352602434528,0.00971311254374713,0.007378749316457478,0.014946308250773858,0.0012389318395772259,-0.0032200485871355733,0.0052971415291073395,0.013735945370521214,True
0,HGB,balanced,age,platt_group,[70-80),17749,1817,0.10237196461772494,0.1011752023289936,0.006995231903616426,0.006053367314441654,0.01254579606644822,-0.0011967622887313345,-0.0058654345278556065,0.0027448122338626733,-0.011690332340502178,True
0,HGB,balanced,age,platt_group,[20-30),1121,83,0.07404103479036575,0.0747247524000843,0.023298432724675286,0.018803438383896563,0.0433674383696057,0.0006837176097185538,-0.014435418041312967,0.015401708118018801,0.009234306511981913,True
0,HGB,balanced,age,platt_group,[10-20),534,26,0.04868913857677903,0.05618223234191365,0.02544168302701474,0.021227241718857093,0.04845179931862592,0.007493093765134622,-0.013180527769472362,0.02382911031539652,0.15389661809930338,True
0,HGB,balanced,age,platt_group,[30-40),2692,188,0.06983655274888559,0.061668615368751185,0.015694951690471155,0.012590513219525373,0.027725473324335025,-0.008167937380134403,-0.018290488937981287,0.0011983664085445911,-0.11695791184745645,True
0,HGB,balanced,age,platt_group,[0-10),153,3,0.0196078431372549,0.026036907838462735,0.02133317915685493,0.0164520642426523,0.04918166577576612,0.006429064701207833,-0.017471700279383388,0.025525879846534212,0.3278822997615995,False
0,HGB,balanced,age,iso_group,[80-90),11110,1199,0.10792079207920792,0.10670879896538922,0.009301951384046419,0.008515393963054941,0.017384597950354082,-0.001211993113818699,-0.0070757714879130474,0.004433994556372648,-0.01123039490786134,True
0,HGB,balanced,age,iso_group,[90-100),1761,168,0.09540034071550256,0.09864060570705054,0.022935351955250836,0.017032912536137,0.03971614873415081,0.0032402649915479753,-0.010935368967613534,0.016120022038083475,0.033964920536404666,True
0,HGB,balanced,age,iso_group,[40-50),6828,506,0.07410661980082016,0.07880161691915509,0.014877173102799826,0.011519684646908527,0.022345886822841367,0.0046949971183349315,-0.0014185275767597432,0.011042444867944262,0.0633546251462271,True
0,HGB,balanced,age,iso_group,[50-60),12351,880,0.07124929155533966,0.07256790311717627,0.009942541871266215,0.008369746027108329,0.015489299701230037,0.0013186115618366162,-0.0037654412888443478,0.005933197486623559,0.01850701295482278,True
0,HGB,balanced,age,iso_group,[60-70),15688,1415,0.09019632840387558,0.09203315467713248,0.00903729682954639,0.007388735469551091,0.014361495117960522,0.001836826273256903,-0.002710217516578571,0.006672049927942329,0.020364756590003034,True
0,HGB,balanced,age,iso_group,[70-80),17749,1817,0.10237196461772494,0.10114620971649976,0.011724651077323917,0.00891053944784683,0.016451143230354102,-0.0012257549012251734,-0.0056021673240478995,0.003418544264599912,-0.011973540859573806,True
0,HGB,balanced,age,iso_group,[20-30),1121,83,0.07404103479036575,0.0776336980896437,0.021024776859990053,0.01785504938208327,0.04046981829640442,0.0035926632992779456,-0.010970886997906918,0.01772667987318665,0.048522597090247914,True
0,HGB,balanced,age,iso_group,[10-20),534,26,0.04868913857677903,0.05729845890197932,0.019525795209907566,0.019825385078318547,0.04448091382782825,0.008609320325200294,-0.009613253065752881,0.02564100832502968,0.1768221943714214,True
0,HGB,balanced,age,iso_group,[30-40),2692,188,0.06983655274888559,0.060983913325111716,0.014428705725389967,0.012914876059326797,0.027338900681843543,-0.008852639423773873,-0.018842718757270855,0.000825881220530728,-0.12676226238723012,True
0,HGB,balanced,age,iso_group,[0-10),153,3,0.0196078431372549,0.028761569967018324,0.01672257812132803,0.01799613630365926,0.04793001063200343,0.009153726829763422,-0.01661539099758968,0.028452606017263907,0.4668400683179345,False
0,HGB,balanced,gender,raw,Female,37239,3365,0.09036225462552701,0.4025143738034637,0.3121521191779366,0.3091372123104937,0.31511380524190125,0.3121521191779367,0.3089913188102146,0.31530226197689554,3.4544525307777665,True
0,HGB,balanced,gender,raw,Male,32748,2920,0.08916575058018811,0.4015067564099626,0.3123410058297746,0.30883080573703314,0.3156869892113441,0.3123410058297745,0.3091263189374238,0.31578877174711917,3.5029257736004977,True
0,HGB,balanced,gender,platt_global,Female,37239,3365,0.09036225462552701,0.09010065244480116,0.009011443884978515,0.007116979129893132,0.012183221956576135,-0.0002616021807258506,-0.003136805230052482,0.0025654254201053182,-0.0028950382193313373,True
0,HGB,balanced,gender,platt_global,Male,32748,2920,0.08916575058018811,0.08928680389059968,0.00737367783080562,0.0055311666842113374,0.011027466131714196,0.00012105331041156742,-0.003115199679081162,0.0031245356839223358,0.0013576211675883595,True
0,HGB,balanced,gender,iso_global,Female,37239,3365,0.09036225462552701,0.09048479436381841,0.0038427801817205705,0.003333056509122196,0.007455997005051077,0.00012253973829140508,-0.0027551482674042257,0.0028538787709303133,0.001356094298434958,True
0,HGB,balanced,gender,iso_global,Male,32748,2920,0.08916575058018811,0.08912677481184592,0.005269041397430247,0.003992747396564267,0.009373311783722747,-3.8975768342192074e-05,-0.0034088251576152024,0.002751665548790575,-0.0004371159115308582,True
0,HGB,balanced,gender,platt_group,Female,37239,3365,0.09036225462552701,0.09118347550350234,0.008645000862751707,0.006911288993250584,0.011991772362759338,0.0008212208779753288,-0.002075132127468084,0.003774779725141763,0.00908809636699057,True
0,HGB,balanced,gender,platt_group,Male,32748,2920,0.08916575058018811,0.08806618605845021,0.006742527432235165,0.005263446196619932,0.010322083415581412,-0.0010995645217379002,-0.004186786016885424,0.001904236153031298,-0.012331691423929026,True
0,HGB,balanced,gender,iso_group,Female,37239,3365,0.09036225462552701,0.09133499810700399,0.004473890257360941,0.0036159439639310677,0.008059467220138937,0.0009727434814769814,-0.0019096723320732912,0.0037451292559128758,0.01076493150274036,True
0,HGB,balanced,gender,iso_group,Male,32748,2920,0.08916575058018811,0.08824237595733864,0.00703660769314866,0.004794064284881372,0.01025832326573458,-0.000923374622849471,-0.00376831883144045,0.0023212625711759487,-0.010355709640093998,True
