seed,model,class_weight,attribute,arm,group,n,positives,prevalence,mean_pred,ece,ece_lo,ece_hi,signed_err,signed_lo,signed_hi,eligible
0,LR,none,race,raw,Caucasian,10471,963,0.09196829338172094,0.09285915031486286,0.005047742949753561,0.006008007329782383,0.012789782735517018,0.0008908569331419203,-0.004368846663362062,0.006161144954405583,True
0,LR,none,race,raw,AfricanAmerican,2496,228,0.09134615384615384,0.08712245458693471,0.019649747648782953,0.0151897691582863,0.032478394989512265,-0.00422369925921913,-0.014999379948253807,0.006472473117431087,True
0,LR,none,race,raw,Unknown,380,21,0.05526315789473684,0.07487285243895848,0.034561839627645696,0.028212952486376928,0.059255677145792024,0.019609694544221644,-0.00219409476832651,0.04179341780526582,False
0,LR,none,race,raw,Other,248,16,0.06451612903225806,0.07644971505565167,0.032792744758337454,0.0364174886570519,0.0834636186194832,0.011933586023393603,-0.02515912455257462,0.03887379514966178,False
0,LR,none,race,raw,Hispanic,298,22,0.0738255033557047,0.07923193296725134,0.035134790176509716,0.030292149188929054,0.0790324775662589,0.005406429611546637,-0.02364862064574743,0.03583162700906873,False
0,LR,none,race,raw,Asian,105,7,0.06666666666666667,0.09281726007010041,0.10011957128425283,0.074748662560517,0.14099688659062548,0.026150593403433744,-0.024499265226378592,0.0685349809527087,False
0,LR,none,race,platt_global,Caucasian,10471,963,0.09196829338172094,0.09238993973429749,0.008184605280907552,0.007428870505140874,0.016255207179422807,0.00042164635257654903,-0.005152689603935718,0.004833630475229414,True
0,LR,none,race,platt_global,AfricanAmerican,2496,228,0.09134615384615384,0.08772775469469761,0.023154443567396932,0.017084260664766444,0.03672707965527569,-0.003618399151456231,-0.013999942348204583,0.005766520591250776,True
0,LR,none,race,platt_global,Unknown,380,21,0.05526315789473684,0.0777098302925816,0.033755759464842376,0.024945451683670395,0.06381396255993954,0.022446672397844765,-0.005235633788384738,0.04502154403178922,False
0,LR,none,race,platt_global,Other,248,16,0.06451612903225806,0.07885624195345746,0.03170538883416485,0.032678525245037705,0.08830740803243838,0.014340112921199397,-0.024391481131569494,0.04525584888578025,False
0,LR,none,race,platt_global,Hispanic,298,22,0.0738255033557047,0.08105441555728429,0.032516939013971194,0.03182126565768032,0.07942397337959654,0.00722891220157959,-0.01949043248007316,0.03669370521823688,False
0,LR,none,race,platt_global,Asian,105,7,0.06666666666666667,0.09213773303330369,0.09660479536287397,0.0623729153442486,0.13876963135171613,0.025471066366637027,-0.024356854172285343,0.0746159067491279,False
0,LR,none,race,iso_global,Caucasian,10471,963,0.09196829338172094,0.09233085049175396,0.0038704501292213763,0.004546699740160523,0.01166713254003789,0.0003625571100330238,-0.005023439416896173,0.004784565868797154,True
0,LR,none,race,iso_global,AfricanAmerican,2496,228,0.09134615384615384,0.08773476365688412,0.02063515480261453,0.015806218942927643,0.03374628184203189,-0.003611390189269717,-0.014220979281048903,0.005509300065849112,True
0,LR,none,race,iso_global,Unknown,380,21,0.05526315789473684,0.07700081226087584,0.02238123634856468,0.0195847923818823,0.04695282612422868,0.021737654366138996,0.003083526481403808,0.04032529198216663,False
0,LR,none,race,iso_global,Other,248,16,0.06451612903225806,0.07856822496001484,0.028618102714421167,0.028110605067941656,0.07288625090139647,0.014052095927756775,-0.016954933675958305,0.04061666708606971,False
0,LR,none,race,iso_global,Hispanic,298,22,0.0738255033557047,0.08118136478567543,0.02419969394939153,0.020505151783727974,0.06041547139853357,0.007355861429970731,-0.018128647832858443,0.03512062546263183,False
0,LR,none,race,iso_global,Asian,105,7,0.06666666666666667,0.09126863375637707,0.08284453665619297,0.06177014998926696,0.13197613492272106,0.024601967089710408,-0.016729214549271898,0.06425272888571205,False
0,LR,none,race,platt_group,Caucasian,10471,963,0.09196829338172094,0.09296215617354701,0.008900326592590505,0.007063784285304022,0.015546609157353968,0.000993862791826075,-0.0036258907511827723,0.006281837472905974,True
0,LR,none,race,platt_group,AfricanAmerican,2496,228,0.09134615384615384,0.08584370669959149,0.021726271725186097,0.01785850645282868,0.03561914650495753,-0.005502447146562353,-0.016738186897975422,0.0053389684689623745,True
0,LR,none,race,platt_group,Unknown,380,21,0.05526315789473684,0.08342068006501162,0.03931265265592597,0.03497287252238525,0.06428081294786954,0.028157522170274778,0.006138704105733047,0.052482166851047736,False
0,LR,none,race,platt_group,Other,248,16,0.06451612903225806,0.07885624195345746,0.03170538883416485,0.03767637077437993,0.0789641260532382,0.014340112921199397,-0.024727710028786903,0.042323990969272564,False
0,LR,none,race,platt_group,Hispanic,298,22,0.0738255033557047,0.07892079709402434,0.0302703473167933,0.03249337929995872,0.07481684810366479,0.005095293738319642,-0.03768691406632591,0.03541221697654407,False
0,LR,none,race,platt_group,Asian,105,7,0.06666666666666667,0.09213773303330369,0.09660479536287397,0.06701165901976606,0.14488877885324153,0.025471066366637027,-0.029088667876281258,0.06150235722840248,False
0,LR,none,race,iso_group,Caucasian,10471,963,0.09196829338172094,0.0927595030985371,0.0027434214872530493,0.0037252912574347635,0.010801046189112947,0.000791209716816163,-0.0045309665554420795,0.0053877628240174185,True
0,LR,none,race,iso_group,AfricanAmerican,2496,228,0.09134615384615384,0.0867226824944054,0.023520539845691434,0.016293827659894917,0.03608476052562683,-0.00462347135174844,-0.014576458193869848,0.005430592328962476,True
0,LR,none,race,iso_group,Unknown,380,21,0.05526315789473684,0.08469383253790533,0.029430674643168356,0.012541769035701554,0.050704850017628485,0.029430674643168488,0.003021862449288223,0.05125506708913219,False
0,LR,none,race,iso_group,Other,248,16,0.06451612903225806,0.07856822496001484,0.028618102714421167,0.02481037550963341,0.07960508676915382,0.014052095927756775,-0.011647183710676568,0.046493789172718444,False
0,LR,none,race,iso_group,Hispanic,298,22,0.0738255033557047,0.07768565370876299,0.024194307750038967,0.017340588109485508,0.060121252721891956,0.0038601503530582837,-0.026521563821977512,0.028478141428472492,False
0,LR,none,race,iso_group,Asian,105,7,0.06666666666666667,0.09126863375637707,0.08284453665619297,0.0612876630166436,0.13694929106485595,0.024601967089710408,-0.013162285423702444,0.06843011340196344,False
0,LR,none,age,raw,[80-90),2269,247,0.10885852798589687,0.10982979917777701,0.019056427732015532,0.016963784116481147,0.03606551273178135,0.0009712711918801326,-0.01001086123222756,0.011190237449445369,True
0,LR,none,age,raw,[40-50),1319,116,0.08794541319181198,0.06738233861956075,0.024656281336028946,0.020188228087116802,0.04264386051280094,-0.020563074572251233,-0.034361411879871955,-0.005894422729225817,True
0,LR,none,age,raw,[60-70),3142,281,0.08943348185868873,0.09132352911935256,0.013894900952391672,0.013943273201868849,0.027943836614115824,0.0018900472606638297,-0.00750129239486428,0.01049454072097096,True
0,LR,none,age,raw,[20-30),216,22,0.10185185185185185,0.06270414424500105,0.07370908976909014,0.061690508704902065,0.11591577282679463,-0.039147707606850796,-0.07351950023340077,-0.0019904514617898614,False
0,LR,none,age,raw,[50-60),2474,164,0.06628940986257073,0.07133104234334045,0.012640140366281919,0.010289539699725757,0.023331793296730394,0.00504163248076972,-0.0058150932349284945,0.014188397910382428,True
0,LR,none,age,raw,[70-80),3604,367,0.10183129855715871,0.10517336368081097,0.012003612121763062,0.01002969622787429,0.022896178307798356,0.0033420651236522603,-0.005974836964736614,0.01266881612996575,True
0,LR,none,age,raw,[30-40),493,24,0.0486815415821501,0.07262599530400289,0.028266251611560097,0.02644043636489521,0.04857731305797794,0.02394445372185279,0.007682725748710787,0.0385942506991295,False
0,LR,none,age,raw,[90-100),350,29,0.08285714285714285,0.09729213202067395,0.0357342532450326,0.03364208215697256,0.06817257934846724,0.0144349891635311,-0.016000379025431926,0.04025440688592982,True
0,LR,none,age,raw,[10-20),103,6,0.05825242718446602,0.0586515450806976,0.05844039201903492,0.04314216180181237,0.10601132851385475,0.00039911789623157945,-0.04918119038957976,0.03869329585042532,False
0,LR,none,age,raw,[0-10),28,1,0.03571428571428571,0.020515573790517955,0.05147024050991324,0.017541302606303925,0.1235128356756514,-0.015198711923767757,-0.08447795807653752,0.025458211781202757,False
0,LR,none,age,platt_global,[80-90),2269,247,0.10885852798589687,0.10626781908226818,0.012842770706966655,0.011863912697251395,0.031743650755251235,-0.0025907089036286968,-0.014627444138170237,0.00976378577290404,True
0,LR,none,age,platt_global,[40-50),1319,116,0.08794541319181198,0.07134739321738046,0.02154468071526272,0.018600488019462263,0.04242688619721928,-0.016598019974431527,-0.0313524545303667,-0.0029267560821156623,True
0,LR,none,age,platt_global,[60-70),3142,281,0.08943348185868873,0.09141924983650518,0.015785322660967927,0.013730478358896946,0.03023370345404413,0.001985767977816452,-0.009039387485583653,0.01217639558372538,True
0,LR,none,age,platt_global,[20-30),216,22,0.10185185185185185,0.06700370674187053,0.07527207911036687,0.0643312196367408,0.11903677383956122,-0.03484814510998131,-0.07766172746829089,-0.0037895162141163095,False
0,LR,none,age,platt_global,[50-60),2474,164,0.06628940986257073,0.07465387602383997,0.015815600639813115,0.01258795030848447,0.02579165266622795,0.008364466161269235,-0.0011502797277566194,0.018066762235701233,True
0,LR,none,age,platt_global,[70-80),3604,367,0.10183129855715871,0.10252142329232783,0.011308664636181699,0.009313430345150003,0.024263751321264775,0.0006901247351691203,-0.008148801335006685,0.008796826061422708,True
0,LR,none,age,platt_global,[30-40),493,24,0.0486815415821501,0.07577427383076482,0.03390825060625345,0.030550056056266102,0.05312045515971133,0.02709273224861472,0.0050997063075134096,0.049269665991647345,False
0,LR,none,age,platt_global,[90-100),350,29,0.08285714285714285,0.09608405315202487,0.032180068546154565,0.029303962585586596,0.07201440607761503,0.013226910294882016,-0.011286906768051436,0.03916453254894012,True
0,LR,none,age,platt_global,[10-20),103,6,0.05825242718446602,0.062475071890356226,0.0570389648569993,0.049682540747400736,0.10665545781560122,0.004222644705890205,-0.04541183398436661,0.03617588802075545,False
0,LR,none,age,platt_global,[0-10),28,1,0.03571428571428571,0.026976870251917282,0.05633480847497492,0.02246461862296192,0.1430288380272826,-0.00873741546236843,-0.08178351803191695,0.03187375882955133,False
0,LR,none,age,iso_global,[80-90),2269,247,0.10885852798589687,0.107097495363926,0.01401847452914352,0.011602352205014122,0.03141093174784355,-0.0017610326219708733,-0.01387693791985114,0.01054964017631304,True
0,LR,none,age,iso_global,[40-50),1319,116,0.08794541319181198,0.0699764125124394,0.022454213810066945,0.016177140512308338,0.037464264368850274,-0.017969000679372585,-0.03230209925090362,-0.004963211294023504,True
0,LR,none,age,iso_global,[60-70),3142,281,0.08943348185868873,0.09133999936453065,0.011989033258463993,0.00948188761733672,0.024010284982148845,0.0019065175058419204,-0.006430871238351057,0.011403141858920347,True
0,LR,none,age,iso_global,[20-30),216,22,0.10185185185185185,0.06472590625525644,0.06870453104875425,0.04642152930325396,0.10175026347173632,-0.037125945596595405,-0.06740443675524611,-0.00794028318037767,False
0,LR,none,age,iso_global,[50-60),2474,164,0.06628940986257073,0.07364461144735775,0.013681572808722248,0.010733632732672176,0.023465515305691353,0.007355201584787016,-0.0024714519852970618,0.017653522366834318,True
0,LR,none,age,iso_global,[70-80),3604,367,0.10183129855715871,0.10350227432256319,0.016018304466403933,0.01046078837955902,0.02479689616809582,0.001670975765404481,-0.011109504754300184,0.011336252633730516,True
0,LR,none,age,iso_global,[30-40),493,24,0.0486815415821501,0.07481089487225139,0.03211883168939342,0.023430596812629358,0.05200968482668715,0.026129353290101284,0.0052432626416170905,0.04003099256519316,False
0,LR,none,age,iso_global,[90-100),350,29,0.08285714285714285,0.09624331985863628,0.02543782530019239,0.022838655643900595,0.060878077093333434,0.01338617700149343,-0.008370720919972952,0.03777483822135184,True
0,LR,none,age,iso_global,[10-20),103,6,0.05825242718446602,0.05646837989764873,0.04494024615330407,0.030310786194778096,0.0978797759336579,-0.001784047286817289,-0.05636628001649477,0.03424055630836652,False
0,LR,none,age,iso_global,[0-10),28,1,0.03571428571428571,0.01523095771708199,0.040363232849357125,0.00842262701600051,0.11048270870175905,-0.02048332799720372,-0.09111056711239464,0.02090838384749985,False
0,LR,none,age,platt_group,[80-90),2269,247,0.10885852798589687,0.10857658733849687,0.015478595156632196,0.01473543187963143,0.031107351367487893,-0.000281940647400003,-0.013506838361786752,0.010948340125531876,True
0,LR,none,age,platt_group,[40-50),1319,116,0.08794541319181198,0.07822753753357448,0.02378793115905507,0.019008174598316385,0.03976020948438806,-0.009717875658237507,-0.025738756246999155,0.003298830173604593,True
0,LR,none,age,platt_group,[60-70),3142,281,0.08943348185868873,0.08768369281395405,0.015004508798718265,0.014483712829712093,0.029833596890809375,-0.0017497890447346759,-0.014179365526510722,0.009002468480675402,True
0,LR,none,age,platt_group,[20-30),216,22,0.10185185185185185,0.06700370674187053,0.07527207911036687,0.06366457580693065,0.11629279047247193,-0.03484814510998131,-0.07861970119273222,-0.004008918770599701,False
0,LR,none,age,platt_group,[50-60),2474,164,0.06628940986257073,0.07138692931869431,0.012646877190029574,0.009582765842612225,0.02455927969223761,0.005097519456123578,-0.0033948337898032682,0.013690701441569472,True
0,LR,none,age,platt_group,[70-80),3604,367,0.10183129855715871,0.10176946832557629,0.011791898229656969,0.009979433299401621,0.02490234426347382,-6.183023158241874e-05,-0.008004598400795671,0.011508700232875124,True
0,LR,none,age,platt_group,[30-40),493,24,0.0486815415821501,0.07885197596772837,0.03782827566386859,0.03303226936172694,0.05566206602190946,0.030170434385578274,0.014651388310846648,0.046050147829326454,False
0,LR,none,age,platt_group,[90-100),350,29,0.08285714285714285,0.11087189120523067,0.05612385108411011,0.049972912979166846,0.09500341278640596,0.028014748348087815,0.0016692673600543194,0.05637814880770306,True
0,LR,none,age,platt_group,[10-20),103,6,0.05825242718446602,0.062475071890356226,0.0570389648569993,0.04885188691055567,0.11985919308617535,0.004222644705890205,-0.040147282679271964,0.04488719651774585,False
0,LR,none,age,platt_group,[0-10),28,1,0.03571428571428571,0.026976870251917282,0.05633480847497492,0.02390580502077446,0.133231386147212,-0.00873741546236843,-0.08320668962978811,0.030894115040601827,False
0,LR,none,age,iso_group,[80-90),2269,247,0.10885852798589687,0.10909131176350852,0.008477021233645014,0.007457097203346508,0.02578985712621724,0.00023278377761164204,-0.010983520498708085,0.012935193073201448,True
0,LR,none,age,iso_group,[40-50),1319,116,0.08794541319181198,0.07863644265820725,0.033950002323937814,0.024394813408435072,0.04893844361919455,-0.00930897053360473,-0.02316079527090874,0.004546948003585409,True
0,LR,none,age,iso_group,[60-70),3142,281,0.08943348185868873,0.08807737747061907,0.019081049123259704,0.014030948685622083,0.029759343228002326,-0.0013561043880696566,-0.009877293090056886,0.008865213744173484,True
0,LR,none,age,iso_group,[20-30),216,22,0.10185185185185185,0.06472590625525644,0.06870453104875425,0.050035214078917166,0.11241142720627331,-0.037125945596595405,-0.06955684246486601,0.002720555767226642,False
0,LR,none,age,iso_group,[50-60),2474,164,0.06628940986257073,0.07158633180383522,0.01196627973947996,0.009104220015705058,0.022781356760013857,0.005296921941264493,-0.0037477563229851934,0.012849835859232769,True
0,LR,none,age,iso_group,[70-80),3604,367,0.10183129855715871,0.10266880605985834,0.00900493039571816,0.007309216116121085,0.022723021803567126,0.0008375075026996331,-0.00927023361154277,0.009865732900394263,True
0,LR,none,age,iso_group,[30-40),493,24,0.0486815415821501,0.07370785934958933,0.032238182854678825,0.021287430888391808,0.05215740337289562,0.02502631776743923,0.008401332502078963,0.0412344660191324,False
0,LR,none,age,iso_group,[90-100),350,29,0.08285714285714285,0.10771952484061478,0.03804953845746748,0.016874294272260983,0.07138358086500925,0.02486238198347193,-0.011142825811812,0.05296322913607292,True
0,LR,none,age,iso_group,[10-20),103,6,0.05825242718446602,0.05646837989764873,0.04494024615330407,0.02700894455042817,0.09422319251194523,-0.001784047286817289,-0.041609804149446095,0.0377362530001966,False
0,LR,none,age,iso_group,[0-10),28,1,0.03571428571428571,0.01523095771708199,0.040363232849357125,0.007759020207815388,0.11120212193521722,-0.02048332799720372,-0.09394345421636607,0.022448653988165944,False
0,LR,none,gender,raw,Female,7442,641,0.08613276001074979,0.09186806809944593,0.01241797368283605,0.009546327076584572,0.018546365092343434,0.005735308088696142,0.00014892798284446812,0.012251361948185687,True
0,LR,none,gender,raw,Male,6556,616,0.09395973154362416,0.08951674624649918,0.009529149350487352,0.007424076989279133,0.017774682947894374,-0.004442985297124988,-0.011269185847898338,0.0020644508369515326,True
0,LR,none,gender,platt_global,Female,7442,641,0.08613276001074979,0.0915405251972079,0.008770333838640555,0.006737152017751937,0.017363491328543902,0.005407765186458108,-0.000396402445798484,0.01068175257443968,True
0,LR,none,gender,platt_global,Male,6556,616,0.09395973154362416,0.08969702676607368,0.011638934917923354,0.009866231863739581,0.020818623522262186,-0.004262704777550488,-0.011450392430878907,0.0025666975881964583,True
0,LR,none,gender,iso_global,Female,7442,641,0.08613276001074979,0.09164558493885094,0.010042154322217733,0.007235116039293323,0.015715269308525303,0.005512824928101151,-0.0007036958448868602,0.010860720607885063,True
0,LR,none,gender,iso_global,Male,6556,616,0.09395973154362416,0.08942592192977078,0.009552830558185755,0.008426634684835668,0.017499509108660334,-0.0045338096138533845,-0.012324655534935652,0.0007315678522769601,True
0,LR,none,gender,platt_group,Female,7442,641,0.08613276001074979,0.09187752536851009,0.009043594433223069,0.009052815741197017,0.01750974414515724,0.0057447653577602925,0.0004286992892113599,0.011408131018660943,True
0,LR,none,gender,platt_group,Male,6556,616,0.09395973154362416,0.08926032878672492,0.01192477653136943,0.009442143535271945,0.02153503101566517,-0.004699402756899243,-0.012753758184693929,0.0023528159597079336,True
0,LR,none,gender,iso_group,Female,7442,641,0.08613276001074979,0.09173296355951269,0.009101328569640138,0.008134186723638925,0.01679827033443965,0.005600203548762894,0.00026557587804388157,0.011713968365232346,True
0,LR,none,gender,iso_group,Male,6556,616,0.09395973154362416,0.08963670285551706,0.007395132181957562,0.006136473045854291,0.015885394309974023,-0.004323028688107106,-0.010400953612910043,0.002700444222176733,True
0,LR,balanced,race,raw,Caucasian,10471,963,0.09196829338172094,0.47102785073420605,0.3790595573524852,0.3745115462784933,0.3847604135296455,0.3790595573524851,0.3732868952200588,0.38509979635865405,True
0,LR,balanced,race,raw,AfricanAmerican,2496,228,0.09134615384615384,0.45971526776131055,0.36836911391515664,0.35850979390443394,0.37937136006464794,0.3683691139151567,0.35729880864546026,0.3805473098114122,True
0,LR,balanced,race,raw,Unknown,380,21,0.05526315789473684,0.4216389337550817,0.3663757758603449,0.3436145843585955,0.39087199523570204,0.36637577586034487,0.3429004938386492,0.38871180671855726,False
0,LR,balanced,race,raw,Other,248,16,0.06451612903225806,0.4223436459203874,0.3578275168881294,0.3245772125497836,0.3877790245404228,0.35782751688812936,0.31628026384597274,0.3872610048622692,False
0,LR,balanced,race,raw,Hispanic,298,22,0.0738255033557047,0.41052710637512557,0.3367016030194208,0.30496891651895025,0.3700770301941852,0.33670160301942087,0.3063406174310252,0.36945747863293965,False
0,LR,balanced,race,raw,Asian,105,7,0.06666666666666667,0.4412505972780929,0.3745839306114262,0.32940892453266324,0.4226835826126509,0.37458393061142625,0.31077609338294804,0.42246966533988106,False
0,LR,balanced,race,platt_global,Caucasian,10471,963,0.09196829338172094,0.09234066303596174,0.008199515904901339,0.006486128350847674,0.014624262920927313,0.0003723696542407978,-0.005230286839490687,0.004784308628313813,True
0,LR,balanced,race,platt_global,AfricanAmerican,2496,228,0.09134615384615384,0.08886488489622874,0.01871417830801418,0.01473127739831574,0.03216026438148698,-0.0024812689499251056,-0.012759710152536977,0.0068404336366780505,True
0,LR,balanced,race,platt_global,Unknown,380,21,0.05526315789473684,0.07826546345047411,0.023482312777498085,0.02738180941536511,0.054456302663977295,0.02300230555573727,-0.004750089538851816,0.045571176335744305,False
0,LR,balanced,race,platt_global,Other,248,16,0.06451612903225806,0.0788056621464599,0.03025759992261485,0.034839068458210026,0.07729934057862381,0.014289533114201836,-0.024217027359816807,0.045284297039000346,False
0,LR,balanced,race,platt_global,Hispanic,298,22,0.0738255033557047,0.07699505379254996,0.028276249764903106,0.02975556753057948,0.08105845848700352,0.0031695504368452615,-0.02350206845366975,0.032721781866556034,False
0,LR,balanced,race,platt_global,Asian,105,7,0.06666666666666667,0.08476581311763344,0.09216126459149812,0.05968268916779081,0.12937133458345104,0.018099146450966774,-0.03195779047690037,0.0668559607953726,False
0,LR,balanced,race,iso_global,Caucasian,10471,963,0.09196829338172094,0.09251689578474158,0.006328551361369564,0.005730512815314699,0.013068753565177234,0.0005486024030206399,-0.004931179241324815,0.00488496812348572,True
0,LR,balanced,race,iso_global,AfricanAmerican,2496,228,0.09134615384615384,0.0888155356095842,0.022576994322073766,0.015802819150964636,0.03545910759801332,-0.0025306182365696372,-0.013316224325640143,0.006550243158297671,True
0,LR,balanced,race,iso_global,Unknown,380,21,0.05526315789473684,0.07735348511667445,0.02720280165956541,0.02299287607203489,0.05546523624121742,0.022090327221937607,0.0027668126886863896,0.04091791691064001,False
0,LR,balanced,race,iso_global,Other,248,16,0.06451612903225806,0.07762572389630372,0.03221812928416583,0.027013188679582436,0.07096837966588408,0.013109594864045657,-0.01870634264853744,0.03933607497417662,False
0,LR,balanced,race,iso_global,Hispanic,298,22,0.0738255033557047,0.07666501772742891,0.03185582901310247,0.021385697124154623,0.0644179689236318,0.0028395143717242083,-0.022217307738213513,0.03055928828252512,False
0,LR,balanced,race,iso_global,Asian,105,7,0.06666666666666667,0.08335701476678495,0.07956331828444982,0.05512314640651783,0.1280749703604228,0.016690348100118282,-0.023182454163160882,0.05441024843955374,False
0,LR,balanced,race,platt_group,Caucasian,10471,963,0.09196829338172094,0.09302566079842535,0.00883912358194265,0.006698599831586493,0.015671267019012065,0.0010573674167044106,-0.0034924071277831325,0.006416555047243679,True
0,LR,balanced,race,platt_group,AfricanAmerican,2496,228,0.09134615384615384,0.08592728251834189,0.017948986137160016,0.016304360246956806,0.0315564224123274,-0.00541887132781195,-0.016598539370748504,0.0054015051089742125,True
0,LR,balanced,race,platt_group,Unknown,380,21,0.05526315789473684,0.0832619286855896,0.028020104267993853,0.028866484537051446,0.058957465198455745,0.027998770790852757,0.005988391165277418,0.05209798463129417,False
0,LR,balanced,race,platt_group,Other,248,16,0.06451612903225806,0.0788056621464599,0.03025759992261485,0.03611949813580036,0.08214746935345801,0.014289533114201836,-0.02481275927248161,0.04233075069058967,False
0,LR,balanced,race,platt_group,Hispanic,298,22,0.0738255033557047,0.07870511019601324,0.027588274543405476,0.02891388796669116,0.07448234402964586,0.00487960684030854,-0.03782965960704912,0.035089010493710486,False
0,LR,balanced,race,platt_group,Asian,105,7,0.06666666666666667,0.08476581311763344,0.09216126459149812,0.05925878896355279,0.14554999606109634,0.018099146450966774,-0.036191228483749456,0.05488080410626642,False
0,LR,balanced,race,iso_group,Caucasian,10471,963,0.09196829338172094,0.09312898511101031,0.008275260668350234,0.005836222760334868,0.014998952209884193,0.0011606917292893704,-0.004056332363661716,0.0056964928524933164,True
0,LR,balanced,race,iso_group,AfricanAmerican,2496,228,0.09134615384615384,0.08624365389943398,0.02169848048324493,0.014639254339335604,0.03415447886180081,-0.005102499946719866,-0.015313791332357374,0.004995072928964489,True
0,LR,balanced,race,iso_group,Unknown,380,21,0.05526315789473684,0.083094332012982,0.027831174118244977,0.01138760428674628,0.04878017802049352,0.027831174118245157,0.001182278793629134,0.04910654441766261,False
0,LR,balanced,race,iso_group,Other,248,16,0.06451612903225806,0.07762572389630372,0.03221812928416583,0.031019741748908286,0.07761268901625568,0.013109594864045657,-0.013230765998953047,0.045863090599182914,False
0,LR,balanced,race,iso_group,Hispanic,298,22,0.0738255033557047,0.07583857876438801,0.03852335549367185,0.01892569181421491,0.06870876595859668,0.0020130754086833125,-0.02900501901225895,0.027227876749357994,False
0,LR,balanced,race,iso_group,Asian,105,7,0.06666666666666667,0.08335701476678495,0.07956331828444982,0.055017854147506956,0.12470764344784688,0.016690348100118282,-0.020652257665480688,0.060911767587795325,False
0,LR,balanced,age,raw,[80-90),2269,247,0.10885852798589687,0.5242884506694092,0.4154299226835123,0.4040112398914668,0.4306433601777886,0.4154299226835123,0.405335377764333,0.42666390494912754,True
0,LR,balanced,age,raw,[40-50),1319,116,0.08794541319181198,0.39703663459504,0.30909122140322803,0.29201780114121223,0.32160726037357934,0.30909122140322803,0.29523808895613657,0.3264753337544276,True
0,LR,balanced,age,raw,[60-70),3142,281,0.08943348185868873,0.47185929493945483,0.3824258130807663,0.372043500528884,0.3919882948266179,0.3824258130807661,0.3737938329561531,0.39208509545597225,True
0,LR,balanced,age,raw,[20-30),216,22,0.10185185185185185,0.3638072038192947,0.26195535196744274,0.23332577065770416,0.2960211688921443,0.26195535196744285,0.22965615619089783,0.2979147006725245,False
0,LR,balanced,age,raw,[50-60),2474,164,0.06628940986257073,0.40567287593079543,0.33938346606822456,0.3277580170992036,0.3500506377656895,0.33938346606822467,0.3291488576738502,0.3489543740952357,True
0,LR,balanced,age,raw,[70-80),3604,367,0.10183129855715871,0.5076505990926345,0.4058193005354758,0.3958710325517518,0.4164855678131674,0.4058193005354758,0.39609873017338454,0.41543455422384973,True
0,LR,balanced,age,raw,[30-40),493,24,0.0486815415821501,0.40564480946976206,0.3569632678876119,0.33438704917326983,0.3764339498820102,0.35696326788761196,0.33617343534492217,0.37391014390712873,False
0,LR,balanced,age,raw,[90-100),350,29,0.08285714285714285,0.48889217341050945,0.4060350305533667,0.37180367375461393,0.43756734315439094,0.4060350305533666,0.37904098093927746,0.43386207561750906,True
0,LR,balanced,age,raw,[10-20),103,6,0.05825242718446602,0.3071821474084363,0.24892972022397028,0.20796540903146873,0.30393857589581325,0.24892972022397028,0.1953611219688898,0.2875197140527987,False
0,LR,balanced,age,raw,[0-10),28,1,0.03571428571428571,0.10021069095756534,0.11449081183318918,0.07458881914918791,0.18746372192111407,0.06449640524327963,0.002784751922452206,0.12535551162090383,False
0,LR,balanced,age,platt_global,[80-90),2269,247,0.10885852798589687,0.10695480241480021,0.014646434284291058,0.013711835148523803,0.030077145479510785,-0.001903725571096665,-0.014097662459574972,0.010508953064531432,True
0,LR,balanced,age,platt_global,[40-50),1319,116,0.08794541319181198,0.07267722526602365,0.023468163069860774,0.018139511542349076,0.04028313378108542,-0.015268187925788337,-0.030000513284672195,-0.00152473382986786,True
0,LR,balanced,age,platt_global,[60-70),3142,281,0.08943348185868873,0.09095427749654764,0.01766265379368627,0.015038362340582135,0.028901259730147642,0.00152079563785891,-0.009539655888792388,0.011782684924611252,True
0,LR,balanced,age,platt_global,[20-30),216,22,0.10185185185185185,0.06771374096441624,0.06252661708600027,0.05764159211219347,0.11338334126157978,-0.03413811088743561,-0.07727614886151485,-0.0028057056324192345,False
0,LR,balanced,age,platt_global,[50-60),2474,164,0.06628940986257073,0.07484803223450356,0.01529244853068802,0.01333713927253107,0.02644998515999729,0.008558622371932834,-0.0008390180160017337,0.018247494961044185,True
0,LR,balanced,age,platt_global,[70-80),3604,367,0.10183129855715871,0.10212059111403117,0.010736559454293816,0.00867477627154284,0.022288717941298417,0.00028929255687246136,-0.008486497952677766,0.008259138403260887,True
0,LR,balanced,age,platt_global,[30-40),493,24,0.0486815415821501,0.07511771924950324,0.032612554448028484,0.02928581212830201,0.05439309525924511,0.026436177667353136,0.004402807614063359,0.048657341533030994,False
0,LR,balanced,age,platt_global,[90-100),350,29,0.08285714285714285,0.09669890450829288,0.03060389391674907,0.025012656152348635,0.06647645354824745,0.01384176165115003,-0.010789645653150402,0.039977687269423405,True
0,LR,balanced,age,platt_global,[10-20),103,6,0.05825242718446602,0.06099152143786135,0.05589302114109465,0.044880112351214,0.11005256593728628,0.00273909425339533,-0.04658046591134224,0.03477925266848269,False
0,LR,balanced,age,platt_global,[0-10),28,1,0.03571428571428571,0.018314869103748032,0.05006783401612934,0.012760351041204694,0.13959030218044247,-0.01739941661053768,-0.09028983321229518,0.022964123524674005,False
0,LR,balanced,age,iso_global,[80-90),2269,247,0.10885852798589687,0.10860955575817441,0.02253793893623532,0.020464113357715728,0.03878017489387621,-0.00024897222772246597,-0.012445316099777996,0.0119144746582805,True
0,LR,balanced,age,iso_global,[40-50),1319,116,0.08794541319181198,0.07098680887892314,0.01901763101873134,0.00853069262199782,0.03408530240288589,-0.016958604312888842,-0.031478313394079534,-0.003879277816615849,True
0,LR,balanced,age,iso_global,[60-70),3142,281,0.08943348185868873,0.09095380962454015,0.012252094607460547,0.010701738887829243,0.024288188191518893,0.0015203277658514258,-0.006852021330656733,0.011190109536618482,True
0,LR,balanced,age,iso_global,[20-30),216,22,0.10185185185185185,0.06535222879984635,0.06418977765899748,0.039295684727351184,0.1037085607364312,-0.03649962305200549,-0.06753506527743296,-0.006868341032777588,False
0,LR,balanced,age,iso_global,[50-60),2474,164,0.06628940986257073,0.07335450939703991,0.012815499828806138,0.009613810501336096,0.02222093530575574,0.0070650995344691825,-0.002699028049544012,0.017286534961677084,True
0,LR,balanced,age,iso_global,[70-80),3604,367,0.10183129855715871,0.10336644871229098,0.007348309606105311,0.006783745844971622,0.01791863271394858,0.0015351501551322672,-0.011174234159323605,0.011176866797061976,True
0,LR,balanced,age,iso_global,[30-40),493,24,0.0486815415821501,0.07389135881830547,0.028773104773698713,0.025179910879221497,0.05026977927422018,0.02520981723615537,0.0040282269995051325,0.03909570556546289,False
0,LR,balanced,age,iso_global,[90-100),350,29,0.08285714285714285,0.09693120472186179,0.027474226494943858,0.026032588422158345,0.06468462565897534,0.014074061864718934,-0.007474234693006922,0.03818275580860034,True
0,LR,balanced,age,iso_global,[10-20),103,6,0.05825242718446602,0.055853850206940066,0.05813137971568834,0.03660561551815059,0.10362183496874684,-0.0023985769775259555,-0.057888213089643405,0.033410308831727936,False
0,LR,balanced,age,iso_global,[0-10),28,1,0.03571428571428571,0.021195665393690256,0.019620661136921982,0.01005022986548612,0.09389237369560458,-0.014518620320595456,-0.0841291716328963,0.028777653790956162,False
0,LR,balanced,age,platt_group,[80-90),2269,247,0.10885852798589687,0.10837370948951631,0.014436499066116534,0.015233954108451886,0.031196434574007482,-0.0004848184963805596,-0.013777860202035256,0.010757586591273582,True
0,LR,balanced,age,platt_group,[40-50),1319,116,0.08794541319181198,0.07869940366594758,0.02627079143614046,0.020267691866184906,0.04126216150326025,-0.009246009525864407,-0.025358884683481162,0.0038011133724900515,True
0,LR,balanced,age,platt_group,[60-70),3142,281,0.08943348185868873,0.08770284241753473,0.015643646729451767,0.014522124277199852,0.02953963878634184,-0.0017306394411539944,-0.014103345051149829,0.009066805521201465,True
0,LR,balanced,age,platt_group,[20-30),216,22,0.10185185185185185,0.06771374096441624,0.06252661708600027,0.06024267025560095,0.11830271931279021,-0.03413811088743561,-0.07792345606596529,-0.003739691255235817,False
0,LR,balanced,age,platt_group,[50-60),2474,164,0.06628940986257073,0.07137007297660396,0.012493773915606403,0.012582081656095118,0.027302606501116038,0.0050806631140332265,-0.0035136524599301737,0.013588394104229757,True
0,LR,balanced,age,platt_group,[70-80),3604,367,0.10183129855715871,0.10205709723163454,0.010939638043377907,0.009886344336942259,0.022778385441781134,0.00022579867447583557,-0.007630902533023961,0.011827164728201046,True
0,LR,balanced,age,platt_group,[30-40),493,24,0.0486815415821501,0.07859313631431562,0.03859333062443516,0.035642323965847204,0.05807396382886615,0.029911594732165522,0.01437215855208639,0.04572782101039996,False
0,LR,balanced,age,platt_group,[90-100),350,29,0.08285714285714285,0.11108266596925141,0.05497636015465329,0.04336035729023686,0.09493902396640057,0.02822552311210856,0.001530248854491972,0.05644913901855809,True
0,LR,balanced,age,platt_group,[10-20),103,6,0.05825242718446602,0.06099152143786135,0.05589302114109465,0.04976042753421332,0.1235343415979697,0.00273909425339533,-0.041030484552808354,0.04344086253787098,False
0,LR,balanced,age,platt_group,[0-10),28,1,0.03571428571428571,0.018314869103748032,0.05006783401612934,0.015541544773150485,0.12522659353471535,-0.01739941661053768,-0.09173163739981972,0.022036513114690393,False
0,LR,balanced,age,iso_group,[80-90),2269,247,0.10885852798589687,0.10842638775813143,0.009282060595377367,0.008995579682940527,0.026391669504623457,-0.0004321402277654429,-0.011810479777814641,0.012290512908020267,True
0,LR,balanced,age,iso_group,[40-50),1319,116,0.08794541319181198,0.08037752158014816,0.02557187152664063,0.017248165624289328,0.04374116801382675,-0.007567891611663824,-0.021178280125385064,0.005864783695674724,True
0,LR,balanced,age,iso_group,[60-70),3142,281,0.08943348185868873,0.08787404779714818,0.016068130198819273,0.011226315785796036,0.02766934627287035,-0.0015594340615405489,-0.010105233222504876,0.008675887987150865,True
0,LR,balanced,age,iso_group,[20-30),216,22,0.10185185185185185,0.06535222879984635,0.06418977765899748,0.04628200388592346,0.11012912599167568,-0.03649962305200549,-0.06883194560604258,0.003132548764867819,False
0,LR,balanced,age,iso_group,[50-60),2474,164,0.06628940986257073,0.07176678908313894,0.012860039430107828,0.008669015482130133,0.023101521318192743,0.005477379220568207,-0.003572135568308034,0.012902221341033977,True
0,LR,balanced,age,iso_group,[70-80),3604,367,0.10183129855715871,0.10234429832598534,0.0038461299653756702,0.005682670124668379,0.021053790437885522,0.0005129997688266275,-0.009657276423830383,0.009645447894198692,True
0,LR,balanced,age,iso_group,[30-40),493,24,0.0486815415821501,0.07568412783920142,0.035937796598002975,0.027080562743321077,0.05381524780741839,0.02700258625705132,0.010312127354612167,0.0425504035180491,False
0,LR,balanced,age,iso_group,[90-100),350,29,0.08285714285714285,0.10803842451655864,0.0419079795985236,0.016796549645600387,0.07087915088148523,0.025181281659415786,-0.010673493068272366,0.05350307191287796,True
0,LR,balanced,age,iso_group,[10-20),103,6,0.05825242718446602,0.055853850206940066,0.05813137971568834,0.03491224410370402,0.10338757770732919,-0.0023985769775259555,-0.04252231119233853,0.037204534029957305,False
0,LR,balanced,age,iso_group,[0-10),28,1,0.03571428571428571,0.021195665393690256,0.019620661136921982,0.011339650580136699,0.09572742088492128,-0.014518620320595456,-0.08886801890005107,0.025090988421590327,False
0,LR,balanced,gender,raw,Female,7442,641,0.08613276001074979,0.46669882611475033,0.3805660661040005,0.3736271568853999,0.3858203753641976,0.38056606610400057,0.3755648788995598,0.3879027696073646,True
0,LR,balanced,gender,raw,Male,6556,616,0.09395973154362416,0.4637037338092289,0.3697440022656047,0.362359393031647,0.37672517368462977,0.3697440022656048,0.3637355932213112,0.37678643536064216,True
0,LR,balanced,gender,platt_global,Female,7442,641,0.08613276001074979,0.09124972884762139,0.009500929440514814,0.008295347943850586,0.01778459409644593,0.005116968836871599,-0.0006785986042605207,0.010356497762419222,True
0,LR,balanced,gender,platt_global,Male,6556,616,0.09395973154362416,0.09010905582635409,0.010687966399826759,0.008402080886159211,0.01930369637161483,-0.0038506757172700745,-0.010974097574527199,0.002971803401205545,True
0,LR,balanced,gender,iso_global,Female,7442,641,0.08613276001074979,0.09138274898048335,0.011049206565091304,0.009521482599721185,0.01895094001163377,0.0052499889697335544,-0.000959487626699396,0.010660819029919983,True
0,LR,balanced,gender,iso_global,Male,6556,616,0.09395973154362416,0.09008568340980781,0.008599317189228182,0.0058447368087589865,0.017065687257676137,-0.003874048133816352,-0.01172093487176332,0.00156567456219302,True
0,LR,balanced,gender,platt_group,Female,7442,641,0.08613276001074979,0.09188192510071505,0.009505678761096396,0.008243205999651613,0.016593172542078715,0.005749165089965258,0.0003483415352658358,0.011326548639107798,True
0,LR,balanced,gender,platt_group,Male,6556,616,0.09395973154362416,0.08932706245319129,0.010950858018547794,0.009241992232913441,0.01918506789286966,-0.0046326690904328754,-0.012781055096225026,0.002469847994811016,True
0,LR,balanced,gender,iso_group,Female,7442,641,0.08613276001074979,0.091884597509358,0.014237150430314255,0.010440878121436684,0.02019539912584205,0.005751837498608206,0.00036060454357496644,0.011855343653396565,True
0,LR,balanced,gender,iso_group,Male,6556,616,0.09395973154362416,0.08954202453445168,0.007841393496089229,0.005906646361206918,0.016505924943767382,-0.004417707009172489,-0.010437708292123345,0.002609484040208039,True
0,RF,none,race,raw,Caucasian,10471,963,0.09196829338172094,0.09171859754583803,0.013847817492666073,0.010854166418878559,0.019567253249878784,-0.00024969583588291266,-0.0050282474210074715,0.004743970207188951,True
0,RF,none,race,raw,AfricanAmerican,2496,228,0.09134615384615384,0.08662631097080307,0.016423339671217268,0.016875014049103743,0.03267376705425059,-0.004719842875350766,-0.015327809180258237,0.005961336723819064,True
0,RF,none,race,raw,Unknown,380,21,0.05526315789473684,0.08383566258341983,0.052150324494011434,0.03933527253255528,0.07663242833283572,0.02857250468868299,0.005303401603357418,0.04964906741443982,False
0,RF,none,race,raw,Other,248,16,0.06451612903225806,0.0876573081904527,0.04223819749747413,0.04219923285455848,0.08854735012411558,0.023141179158194636,-0.014232797735445014,0.05015959949912756,False
0,RF,none,race,raw,Hispanic,298,22,0.0738255033557047,0.08035342503437343,0.03383402823276502,0.03212148034079281,0.07575641413642904,0.006527921678668724,-0.02174568711827256,0.03684634025819119,False
0,RF,none,race,raw,Asian,105,7,0.06666666666666667,0.08617922777628131,0.08903582846312773,0.0623799722238398,0.12967689049703032,0.01951256110961465,-0.03177324759313374,0.05800614829314228,False
0,RF,none,race,platt_global,Caucasian,10471,963,0.09196829338172094,0.09222019578925536,0.005393722849237099,0.00640190887117408,0.014334530184762585,0.00025190240753442117,-0.00499697364856351,0.00489529171162129,True
0,RF,none,race,platt_global,AfricanAmerican,2496,228,0.09134615384615384,0.08609247261700996,0.014775668334651855,0.013531973121079476,0.030144379093653872,-0.005253681229143881,-0.016134494678159923,0.004164531364560018,True
0,RF,none,race,platt_global,Unknown,380,21,0.05526315789473684,0.08161533936614089,0.04638907261783866,0.037821737890844045,0.06936291805120222,0.02635218147140405,-0.002036473708168474,0.04919956299841378,False
0,RF,none,race,platt_global,Other,248,16,0.06451612903225806,0.08774719891114084,0.045106286148604735,0.03881758398822038,0.09152456363270574,0.02323106987888278,-0.01671389714906611,0.05462999002978569,False
0,RF,none,race,platt_global,Hispanic,298,22,0.0738255033557047,0.079961596574558,0.035836453405818945,0.030989529107241627,0.07447660801805402,0.006136093218853292,-0.02123143572123695,0.03568542303506647,False
0,RF,none,race,platt_global,Asian,105,7,0.06666666666666667,0.08780799602305794,0.09299861596696637,0.06251216571741394,0.13039192633338414,0.021141329356391278,-0.02730213729397452,0.07008121735387562,False
0,RF,none,race,iso_global,Caucasian,10471,963,0.09196829338172094,0.09271603263212452,0.004822896290557734,0.004017082598470505,0.012310768460582275,0.000747739250403584,-0.004794271464672651,0.005312407762207874,True
0,RF,none,race,iso_global,AfricanAmerican,2496,228,0.09134615384615384,0.08548168312219201,0.013676462047703234,0.011161442899933744,0.026764322344908543,-0.0058644707239618316,-0.0167285515449026,0.0031880921166314163,True
0,RF,none,race,iso_global,Unknown,380,21,0.05526315789473684,0.08126845899439619,0.04609369726264454,0.03240374814915042,0.06566544169557365,0.02600530109965935,0.0067964589463683205,0.04494234923422383,False
0,RF,none,race,iso_global,Other,248,16,0.06451612903225806,0.08824512446832038,0.04360422749482185,0.036504118594861044,0.08392257569162095,0.023728995436062314,-0.008566726215665264,0.04960832740069301,False
0,RF,none,race,iso_global,Hispanic,298,22,0.0738255033557047,0.07826979441729165,0.03584631075303408,0.026032951763898325,0.07112414056586275,0.004444291061586947,-0.01980762616251781,0.03232931502865684,False
0,RF,none,race,iso_global,Asian,105,7,0.06666666666666667,0.08492554069830319,0.08344291194234911,0.05466116396841873,0.13351013710148665,0.01825887403163652,-0.021305722405322275,0.05700372833806885,False
0,RF,none,race,platt_group,Caucasian,10471,963,0.09196829338172094,0.0928101926157473,0.005633030194660346,0.00559313072138106,0.013671222089819489,0.0008418992340263609,-0.003982351261410283,0.006115115840886976,True
0,RF,none,race,platt_group,AfricanAmerican,2496,228,0.09134615384615384,0.08567025582880926,0.014570098974266213,0.012323136060422185,0.02970323329850513,-0.005675898017344583,-0.016785946255671737,0.005010371976658872,True
0,RF,none,race,platt_group,Unknown,380,21,0.05526315789473684,0.08326426858563948,0.05303201090436169,0.04249993825591532,0.07818097540238955,0.028001110690902643,0.006166199501766272,0.051699985147631224,False
0,RF,none,race,platt_group,Other,248,16,0.06451612903225806,0.08774719891114084,0.045106286148604735,0.04100819962535615,0.0927372141820514,0.02323106987888278,-0.01648722431654207,0.05183373756260512,False
0,RF,none,race,platt_group,Hispanic,298,22,0.0738255033557047,0.07560463074332704,0.03390205198955447,0.029504082325098473,0.07196220807489911,0.0017791273876223423,-0.03986110070310911,0.030843156378447964,False
0,RF,none,race,platt_group,Asian,105,7,0.06666666666666667,0.08780799602305794,0.09299861596696637,0.0631066894971563,0.14249882163784627,0.021141329356391278,-0.03674312956041526,0.058680643696510215,False
0,RF,none,race,iso_group,Caucasian,10471,963,0.09196829338172094,0.09329735926469168,0.006433672682109875,0.005492409745086979,0.013003788783435529,0.0013290658829707425,-0.00442201507367235,0.00595178639568829,True
0,RF,none,race,iso_group,AfricanAmerican,2496,228,0.09134615384615384,0.08549715189103604,0.01391759940326932,0.009913432590940565,0.02630094731824684,-0.005849001955117797,-0.016249289738044223,0.003893646641816286,True
0,RF,none,race,iso_group,Unknown,380,21,0.05526315789473684,0.0815030318984241,0.03164440957494728,0.015758893307149795,0.05286642252066613,0.026239874003687262,0.0022583596692935465,0.045922564629179784,False
0,RF,none,race,iso_group,Other,248,16,0.06451612903225806,0.08824512446832038,0.04360422749482185,0.034211030189865835,0.0855447453901476,0.023728995436062314,-0.0038555490341928857,0.05415510487937571,False
0,RF,none,race,iso_group,Hispanic,298,22,0.0738255033557047,0.06720597878194419,0.05572311782378931,0.034915649164162836,0.08443484026627517,-0.006619524573760513,-0.03725205972903622,0.02083219666308099,False
0,RF,none,race,iso_group,Asian,105,7,0.06666666666666667,0.08492554069830319,0.08344291194234911,0.05714676166675112,0.1237515154824271,0.01825887403163652,-0.01898245424715804,0.06181088469192684,False
0,RF,none,age,raw,[80-90),2269,247,0.10885852798589687,0.10544715897662961,0.014971761360381565,0.012968960345849356,0.03033730739719452,-0.003411369009267265,-0.014834935532246015,0.007004845447654609,True
0,RF,none,age,raw,[40-50),1319,116,0.08794541319181198,0.07644047519412177,0.01374032497780724,0.013514689062302968,0.036864541625280696,-0.011504937997690215,-0.025465655735331896,0.0027761181704054425,True
0,RF,none,age,raw,[60-70),3142,281,0.08943348185868873,0.08888919041457759,0.022729668224080374,0.017165876442251517,0.03448658181362079,-0.0005442914441111391,-0.010496424907563176,0.008104541833793678,True
0,RF,none,age,raw,[20-30),216,22,0.10185185185185185,0.06994180230731692,0.06848273910036211,0.05870505111766429,0.12778032085573113,-0.03191004954453493,-0.06619671729184957,0.005867333388283403,False
0,RF,none,age,raw,[50-60),2474,164,0.06628940986257073,0.0791355278625997,0.02335534765074976,0.017894911464930236,0.033896933008937695,0.012846118000028967,0.0021752350956584106,0.0216223211132322,True
0,RF,none,age,raw,[70-80),3604,367,0.10183129855715871,0.09789689399486813,0.018336596137084417,0.013302284571864175,0.029687363395372764,-0.003934404562290578,-0.01318378368282806,0.005547307864203321,True
0,RF,none,age,raw,[30-40),493,24,0.0486815415821501,0.07480226582129446,0.03893146005131347,0.03320230455192451,0.06179527870521833,0.026120724239144355,0.008306592492540208,0.040997018439274814,False
0,RF,none,age,raw,[90-100),350,29,0.08285714285714285,0.10244482865077678,0.0408832245654541,0.03610375930920695,0.0784425037259129,0.01958768579363393,-0.010033318397674323,0.04651869529172584,True
0,RF,none,age,raw,[10-20),103,6,0.05825242718446602,0.058776015457573584,0.06805133498646362,0.04848588068730503,0.10697241572294607,0.0005235882731075628,-0.04717310403211049,0.04336725138372138,False
0,RF,none,age,raw,[0-10),28,1,0.03571428571428571,0.04731129413928703,0.07773862529648941,0.04392824651850875,0.1471855362466808,0.011597008425001318,-0.05630628124415306,0.05323763453655933,False
0,RF,none,age,platt_global,[80-90),2269,247,0.10885852798589687,0.10892263914179176,0.011084431224879164,0.010863014368665623,0.026850054272934354,6.411115589488592e-05,-0.011887267425667567,0.012436971834951847,True
0,RF,none,age,platt_global,[40-50),1319,116,0.08794541319181198,0.07315558764541515,0.01646288490145424,0.015189735369739214,0.03665088448751762,-0.014789825546396837,-0.029253829355767872,-0.000875600409869485,True
0,RF,none,age,platt_global,[60-70),3142,281,0.08943348185868873,0.08830952430947199,0.016771328491928465,0.012392456266552236,0.029055821200563218,-0.0011239575492167364,-0.011799339294670773,0.00904377767401456,True
0,RF,none,age,platt_global,[20-30),216,22,0.10185185185185185,0.0673850703800185,0.06782071622868834,0.05711150582403334,0.12495782391729252,-0.03446678147183335,-0.0778450950985096,-0.0015154683452949513,False
0,RF,none,age,platt_global,[50-60),2474,164,0.06628940986257073,0.07674666261681176,0.01588596566046842,0.012870320569458644,0.0282770420814787,0.010457252754241031,0.0011095026143443398,0.01997025047655651,True
0,RF,none,age,platt_global,[70-80),3604,367,0.10183129855715871,0.10031574980824674,0.014016522741881685,0.009926142261983288,0.024444412135918466,-0.0015155487489119657,-0.010646822280827167,0.007008393389450353,True
0,RF,none,age,platt_global,[30-40),493,24,0.0486815415821501,0.07225020236037447,0.03329519260103561,0.02792409909288296,0.0572085030599399,0.023568660778224365,0.0017924706015650935,0.046177439052999404,False
0,RF,none,age,platt_global,[90-100),350,29,0.08285714285714285,0.10386358150402038,0.04580616532981894,0.038573198709749686,0.08187416626394614,0.021006438646877526,-0.004550105160179422,0.047793210446403334,True
0,RF,none,age,platt_global,[10-20),103,6,0.05825242718446602,0.05773102731678765,0.06784411287893685,0.05458093849375842,0.11089220865918108,-0.0005213998676783724,-0.05281082278178636,0.03007231268298887,False
0,RF,none,age,platt_global,[0-10),28,1,0.03571428571428571,0.048554206642790636,0.07854392750871221,0.042962978858149536,0.16176055864721126,0.012839920928504923,-0.061649430527666985,0.05431661248892186,False
0,RF,none,age,iso_global,[80-90),2269,247,0.10885852798589687,0.11099699748123168,0.01251233677580017,0.012101725872814646,0.0295817653515864,0.002138469495334805,-0.010034565389975107,0.014496289329392684,True
0,RF,none,age,iso_global,[40-50),1319,116,0.08794541319181198,0.07105424222030722,0.017618921384434078,0.011830544986823574,0.03248909936363452,-0.016891170971504763,-0.03063573669492454,-0.003415575530065429,True
0,RF,none,age,iso_global,[60-70),3142,281,0.08943348185868873,0.08869067291622629,0.01764972509808447,0.010918904000468365,0.02690809780854636,-0.000742808942462439,-0.008916785584264054,0.008657476142489365,True
0,RF,none,age,iso_global,[20-30),216,22,0.10185185185185185,0.0632817830653341,0.06356418065246959,0.0379874122187426,0.11622837711147115,-0.03857006878651775,-0.0708553068382389,-0.008671975143580748,False
0,RF,none,age,iso_global,[50-60),2474,164,0.06628940986257073,0.0749040751821475,0.01332303336810006,0.011633375017434888,0.026317868287084455,0.008614665319576775,-0.0012490230522217644,0.01892869546946858,True
0,RF,none,age,iso_global,[70-80),3604,367,0.10183129855715871,0.10234529902377543,0.007758672964821448,0.007853261622857991,0.020402441907860936,0.0005140004666167181,-0.01230192950525965,0.01034910990122492,True
0,RF,none,age,iso_global,[30-40),493,24,0.0486815415821501,0.06995513322921011,0.025347499988421635,0.01933514401859577,0.04785862833261304,0.02127359164706001,0.0007320803442953991,0.03499199200009332,False
0,RF,none,age,iso_global,[90-100),350,29,0.08285714285714285,0.10541370398375026,0.03434651260165714,0.032612974332036686,0.07140438831539259,0.022556561126607408,-0.00011645235438162687,0.04711677509845682,True
0,RF,none,age,iso_global,[10-20),103,6,0.05825242718446602,0.047799047423610436,0.06659487596315242,0.04555202822474696,0.11390939196540598,-0.010453379760855586,-0.0710612110640455,0.026636140067196487,False
0,RF,none,age,iso_global,[0-10),28,1,0.03571428571428571,0.029336917785578488,0.060125095125479956,0.0215460979829798,0.12728601354089106,-0.006377367928707224,-0.07922840774830633,0.03690845238077935,False
0,RF,none,age,platt_group,[80-90),2269,247,0.10885852798589687,0.10843255849404718,0.013005264008588925,0.012446767161387479,0.031169043185400997,-0.0004259694918496981,-0.013580435685053443,0.011066620958161662,True
0,RF,none,age,platt_group,[40-50),1319,116,0.08794541319181198,0.07778979429207214,0.019431835400956374,0.01707256475975253,0.03849288809471303,-0.010155618899739843,-0.026500551967586373,0.003835089329245815,True
0,RF,none,age,platt_group,[60-70),3142,281,0.08943348185868873,0.08770153154227373,0.014864156067479843,0.012388620311399767,0.027036306327374984,-0.0017319503164150013,-0.013476985957962876,0.008934339619139382,True
0,RF,none,age,platt_group,[20-30),216,22,0.10185185185185185,0.0673850703800185,0.06782071622868834,0.05543119703340701,0.11517069826791061,-0.03446678147183335,-0.07837784396766365,-0.0023180786839098523,False
0,RF,none,age,platt_group,[50-60),2474,164,0.06628940986257073,0.071555496987326,0.0125581057035564,0.011299473805285856,0.02506995926478483,0.005266087124755264,-0.003206353096730101,0.013961677339538854,True
0,RF,none,age,platt_group,[70-80),3604,367,0.10183129855715871,0.10124631670813605,0.013974042936206963,0.010016510192152668,0.02611062906310484,-0.000584981849022656,-0.009178690966041654,0.010959296005075631,True
0,RF,none,age,platt_group,[30-40),493,24,0.0486815415821501,0.08012397166643766,0.035849947213030045,0.032068284875469505,0.05514644748216272,0.031442430084287556,0.015147111257407642,0.04748979749916497,False
0,RF,none,age,platt_group,[90-100),350,29,0.08285714285714285,0.10901178428362959,0.04574718820781323,0.043782127656207266,0.08724987165280532,0.02615464142648674,-0.0006762838697274799,0.053695224240954784,True
0,RF,none,age,platt_group,[10-20),103,6,0.05825242718446602,0.05773102731678765,0.06784411287893685,0.049490301559937805,0.12110221049505082,-0.0005213998676783724,-0.050277305408912974,0.0411010140299524,False
0,RF,none,age,platt_group,[0-10),28,1,0.03571428571428571,0.048554206642790636,0.07854392750871221,0.04545162361251724,0.15053858434470632,0.012839920928504923,-0.06351331621534198,0.05398212897180506,False
0,RF,none,age,iso_group,[80-90),2269,247,0.10885852798589687,0.10767709893676526,0.011733527727472753,0.008597336877119532,0.028425815110291058,-0.0011814290491316132,-0.012765713028660928,0.01089915167152915,True
0,RF,none,age,iso_group,[40-50),1319,116,0.08794541319181198,0.07748214318152832,0.02050099658623481,0.016075112478194948,0.03764489890769124,-0.01046327001028366,-0.0236788928620111,0.0028684747392601715,True
0,RF,none,age,iso_group,[60-70),3142,281,0.08943348185868873,0.08809949296655316,0.016810163725041523,0.013785426203130146,0.028460390984550984,-0.001333988892135568,-0.009620026459187137,0.008446164590130775,True
0,RF,none,age,iso_group,[20-30),216,22,0.10185185185185185,0.0632817830653341,0.06356418065246959,0.04602231031263279,0.1172053686718541,-0.03857006878651775,-0.07050772449692957,-0.0003931381099721528,False
0,RF,none,age,iso_group,[50-60),2474,164,0.06628940986257073,0.07136318677362088,0.007332617859822235,0.007216645572397743,0.01829772245400239,0.005073776911050154,-0.0042200272421677445,0.012186981433296818,True
0,RF,none,age,iso_group,[70-80),3604,367,0.10183129855715871,0.10072032462894587,0.009330007279254345,0.006953036575321963,0.024379928550958416,-0.0011109739282128411,-0.011319778523005778,0.007815760986996696,True
0,RF,none,age,iso_group,[30-40),493,24,0.0486815415821501,0.07730902774212779,0.028668917304818645,0.020372245308964275,0.049581708951188276,0.02862748615997769,0.011695785573232372,0.044012948435084666,False
0,RF,none,age,iso_group,[90-100),350,29,0.08285714285714285,0.10563749434345018,0.02653641870002836,0.005516993980056885,0.052601693292451526,0.022780351486307332,-0.014275549134810668,0.05165067831913118,True
0,RF,none,age,iso_group,[10-20),103,6,0.05825242718446602,0.047799047423610436,0.06659487596315242,0.04117143283981047,0.12260296141707056,-0.010453379760855586,-0.052831891413238144,0.03069894697045191,False
0,RF,none,age,iso_group,[0-10),28,1,0.03571428571428571,0.029336917785578488,0.060125095125479956,0.023486992914019414,0.14088316611041615,-0.006377367928707224,-0.08480054201915861,0.04210909451430046,False
0,RF,none,gender,raw,Female,7442,641,0.08613276001074979,0.0913204245105806,0.01181736224713387,0.008315176962428155,0.01847331527442936,0.00518766449983081,-0.0004243751131846942,0.011827213085761887,True
0,RF,none,gender,raw,Male,6556,616,0.09395973154362416,0.08901598713659825,0.01806332189875176,0.015730082533450363,0.02665674837186785,-0.004943744407025913,-0.012272154832055323,0.0013075603593693322,True
0,RF,none,gender,platt_global,Female,7442,641,0.08613276001074979,0.09213457599122321,0.00852528153425114,0.007847052697086384,0.017212898745648655,0.006001815980473418,0.00015184770399449658,0.011241679586561623,True
0,RF,none,gender,platt_global,Male,6556,616,0.09395973154362416,0.08857268103804185,0.013284666281410472,0.011254348435769413,0.020951208764679926,-0.0053870505055823165,-0.012620602571605775,0.0011473925926032474,True
0,RF,none,gender,iso_global,Female,7442,641,0.08613276001074979,0.09241029573991266,0.009943450142815538,0.006296708779841834,0.016904594540766198,0.00627753572916287,0.0001640095772024775,0.011831770995383475,True
0,RF,none,gender,iso_global,Male,6556,616,0.09395973154362416,0.08869475650750853,0.008100110624754898,0.007223691860623694,0.017850778286285195,-0.0052649750361156294,-0.012778946904290102,-0.00025533346500021146,True
0,RF,none,gender,platt_group,Female,7442,641,0.08613276001074979,0.09176952877964292,0.008699330148732599,0.008375845703181152,0.01783728574938443,0.00563676876889313,0.0003169642742311182,0.011211998727530736,True
0,RF,none,gender,platt_group,Male,6556,616,0.09395973154362416,0.08890363857437084,0.013780880826683549,0.0124865948267237,0.022363143975209956,-0.0050560929692533285,-0.012951009970066533,0.0019002439085184192,True
0,RF,none,gender,iso_group,Female,7442,641,0.08613276001074979,0.09186226470977508,0.008527484706443298,0.0061450630588334,0.01716853776102622,0.005729504699025292,0.00045715560573203446,0.011818762747261725,True
0,RF,none,gender,iso_group,Male,6556,616,0.09395973154362416,0.08912371822073467,0.011903146073902481,0.007064701868813516,0.01945610022790958,-0.004836013322889493,-0.010898994478125035,0.0018655960877912681,True
0,RF,balanced,race,raw,Caucasian,10471,963,0.09196829338172094,0.45918613352776727,0.3672178401460463,0.3622616285435565,0.3730316239504275,0.3672178401460463,0.36271098831456317,0.37242413539495495,True
0,RF,balanced,race,raw,AfricanAmerican,2496,228,0.09134615384615384,0.44179324416775356,0.3504470903215998,0.34093997964385625,0.3610959899256041,0.3504470903215997,0.33992157098820774,0.3615033906881041,True
0,RF,balanced,race,raw,Unknown,380,21,0.05526315789473684,0.4269894181824134,0.3717262602876765,0.3486749538093199,0.3914663930947469,0.3717262602876766,0.34854835102784687,0.3962261018595556,False
0,RF,balanced,race,raw,Other,248,16,0.06451612903225806,0.4380827724206687,0.3735666433884105,0.341203881933627,0.3997496546989428,0.3735666433884106,0.3365044126101049,0.4024584843865712,False
0,RF,balanced,race,raw,Hispanic,298,22,0.0738255033557047,0.4070609052448398,0.3332354018891351,0.304800095995023,0.3610116185852396,0.3332354018891351,0.30610398013412676,0.3642790594457787,False
0,RF,balanced,race,raw,Asian,105,7,0.06666666666666667,0.427926401517805,0.3634792764240515,0.32737917224458146,0.4084712547219101,0.3612597348511383,0.30327214575818456,0.4012084852320269,False
0,RF,balanced,race,platt_global,Caucasian,10471,963,0.09196829338172094,0.09293878208378657,0.004575666604255034,0.004361628392221367,0.012451095913586433,0.0009704887020656333,-0.004611927548682926,0.005474403667665085,True
0,RF,balanced,race,platt_global,AfricanAmerican,2496,228,0.09134615384615384,0.08503344271908628,0.011500999403030657,0.009565684239833188,0.024619039707857983,-0.006312711127067563,-0.017347532581605995,0.003302179303268302,True
0,RF,balanced,race,platt_global,Unknown,380,21,0.05526315789473684,0.07838382713227701,0.0392017570399377,0.030698620648787197,0.06587394466191931,0.02312066923754017,-0.0057031461942405335,0.0456206817500274,False
0,RF,balanced,race,platt_global,Other,248,16,0.06451612903225806,0.08314767984473716,0.04753885550028211,0.03502684124285791,0.07951176593077364,0.018631550812479095,-0.02108898842139778,0.050525557996183086,False
0,RF,balanced,race,platt_global,Hispanic,298,22,0.0738255033557047,0.07180096581429297,0.04302204677433608,0.03472567228005295,0.07915056053927995,-0.002024537541411728,-0.029064501082853883,0.026480980663721874,False
0,RF,balanced,race,platt_global,Asian,105,7,0.06666666666666667,0.08112967371876338,0.09208856527714196,0.06409633989807005,0.13276229779933793,0.014463007052096716,-0.03653688843051921,0.06409770835249179,False
0,RF,balanced,race,iso_global,Caucasian,10471,963,0.09196829338172094,0.09292989060080575,0.004820162602158553,0.004829164987989229,0.011920202872810067,0.0009615972190848143,-0.004343320074952821,0.005508616841241776,True
0,RF,balanced,race,iso_global,AfricanAmerican,2496,228,0.09134615384615384,0.08496041856667026,0.011432951298269777,0.009495471313952836,0.02342771244675843,-0.006385735279483579,-0.016984024783206278,0.0027978897870477434,True
0,RF,balanced,race,iso_global,Unknown,380,21,0.05526315789473684,0.07730341160252274,0.03148851284283153,0.03015273169764334,0.06110434444700317,0.022040253707785902,0.0027467782700323984,0.04091304109564801,False
0,RF,balanced,race,iso_global,Other,248,16,0.06451612903225806,0.08216940583932242,0.036949346233990814,0.030209262633296742,0.0713346258467205,0.017653276807064355,-0.014452895004844707,0.042727800557773865,False
0,RF,balanced,race,iso_global,Hispanic,298,22,0.0738255033557047,0.07185740823108923,0.04286971578858717,0.02931724651269425,0.07778566133781196,-0.0019680951246154738,-0.027144412628802423,0.02598527576349584,False
0,RF,balanced,race,iso_global,Asian,105,7,0.06666666666666667,0.08193452736178633,0.09483926656558797,0.06817486044030056,0.14265291464913213,0.015267860695119664,-0.023415481837043405,0.052876471986541954,False
0,RF,balanced,race,platt_group,Caucasian,10471,963,0.09196829338172094,0.0927512957428631,0.004583867996145889,0.004883338635625272,0.012240166362977561,0.0007830023611421627,-0.00415321451043754,0.006204021506356923,True
0,RF,balanced,race,platt_group,AfricanAmerican,2496,228,0.09134615384615384,0.0859188861867525,0.010731956093771167,0.009397703943122311,0.02248075708042384,-0.005427267659401339,-0.01681288848351518,0.005392523781010963,True
0,RF,balanced,race,platt_group,Unknown,380,21,0.05526315789473684,0.08330380222670403,0.049302716745178436,0.03602391510639525,0.07499087822089984,0.028040644331967186,0.0066422856367367635,0.05183855528872472,False
0,RF,balanced,race,platt_group,Other,248,16,0.06451612903225806,0.08314767984473716,0.04753885550028211,0.0386238600155487,0.08876763721486094,0.018631550812479095,-0.021217989593765533,0.046371720855329826,False
0,RF,balanced,race,platt_group,Hispanic,298,22,0.0738255033557047,0.0745203342822017,0.042937343541374004,0.035825096358236476,0.07749626610654772,0.0006948309264969976,-0.040928154018740275,0.02866777386273566,False
0,RF,balanced,race,platt_group,Asian,105,7,0.06666666666666667,0.08112967371876338,0.09208856527714196,0.06866087257350523,0.14852198061444166,0.014463007052096716,-0.04134627282777127,0.05103852455661086,False
0,RF,balanced,race,iso_group,Caucasian,10471,963,0.09196829338172094,0.09277991192378517,0.005745292209398956,0.00453406916251422,0.012049630268265426,0.0008116185420642269,-0.004882010587427713,0.005114018642082811,True
0,RF,balanced,race,iso_group,AfricanAmerican,2496,228,0.09134615384615384,0.08714289427574547,0.011608056291178706,0.00920857051854419,0.02737876371894298,-0.004203259570408374,-0.01354806184767761,0.0059334827683175245,True
0,RF,balanced,race,iso_group,Unknown,380,21,0.05526315789473684,0.08261587069538198,0.028970667253331424,0.019710193308938043,0.049605740421771086,0.02735271280064514,0.003021329091612747,0.048033210658802575,False
0,RF,balanced,race,iso_group,Other,248,16,0.06451612903225806,0.08216940583932242,0.036949346233990814,0.02933488715541189,0.07266518708010901,0.017653276807064355,-0.009833195428665004,0.049519622737184577,False
0,RF,balanced,race,iso_group,Hispanic,298,22,0.0738255033557047,0.06897959746214426,0.04050500563511289,0.025630026441476335,0.07272741593141918,-0.004845905893560445,-0.03529866750980179,0.021879939194910266,False
0,RF,balanced,race,iso_group,Asian,105,7,0.06666666666666667,0.08193452736178633,0.09483926656558797,0.06956367424012055,0.1381086304388701,0.015267860695119664,-0.02118370225828102,0.05971239825878558,False
0,RF,balanced,age,raw,[80-90),2269,247,0.10885852798589687,0.4994309415487589,0.39057241356286204,0.38037880234544086,0.4041475521783793,0.390572413562862,0.38011402002432265,0.4007879151814514,True
0,RF,balanced,age,raw,[40-50),1319,116,0.08794541319181198,0.41014664950174295,0.32220123630993097,0.30662467106679475,0.33436524325605554,0.32220123630993097,0.30836576039708435,0.3375929478633332,True
0,RF,balanced,age,raw,[60-70),3142,281,0.08943348185868873,0.4539835993574574,0.3645501174987688,0.3534879699432545,0.37400973393199055,0.3645501174987687,0.3556025628764733,0.3733332990578016,True
0,RF,balanced,age,raw,[20-30),216,22,0.10185185185185185,0.37728272075915303,0.2754308689073012,0.24735286720757468,0.30812339436581904,0.2754308689073012,0.2406847588395349,0.3132964431954451,False
0,RF,balanced,age,raw,[50-60),2474,164,0.06628940986257073,0.4182838934136823,0.35199448355111157,0.3418478277314427,0.36215602890033893,0.3519944835511115,0.34146632097804736,0.36138761305044426,True
0,RF,balanced,age,raw,[70-80),3604,367,0.10183129855715871,0.47784688844198153,0.37601558988482287,0.3667619852423388,0.3865365770373401,0.3760155898848228,0.3664570821578944,0.38532494036987197,True
0,RF,balanced,age,raw,[30-40),493,24,0.0486815415821501,0.39930073605439775,0.35061919447224776,0.33109674573511527,0.36835983117375076,0.35061919447224765,0.329788438235239,0.36553733468233274,False
0,RF,balanced,age,raw,[90-100),350,29,0.08285714285714285,0.4908192833868814,0.40796214052973856,0.3771128481047702,0.4374160391360933,0.40796214052973856,0.3785312867281681,0.43500154187200707,True
0,RF,balanced,age,raw,[10-20),103,6,0.05825242718446602,0.3221364593245142,0.2638840321400482,0.22672386508802664,0.31389662210406655,0.2638840321400482,0.20790565877723488,0.30338989471676864,False
0,RF,balanced,age,raw,[0-10),28,1,0.03571428571428571,0.25258894467480025,0.2501388062230661,0.21693533784777824,0.3211689965535394,0.21687465896051455,0.15961379919175878,0.2830911789505197,False
0,RF,balanced,age,platt_global,[80-90),2269,247,0.10885852798589687,0.112574329368276,0.013146420313712723,0.01306635281385384,0.03228505456186851,0.003715801382379119,-0.00815067764406317,0.015815487112989097,True
0,RF,balanced,age,platt_global,[40-50),1319,116,0.08794541319181198,0.07001870937111038,0.017926703820701603,0.015090154118342218,0.039054434858385334,-0.017926703820701606,-0.032699103790813276,-0.003827675211207418,True
0,RF,balanced,age,platt_global,[60-70),3142,281,0.08943348185868873,0.08915316222418258,0.01520407832780201,0.011712115861831348,0.02756851415313953,-0.00028031963450614317,-0.011105417921298497,0.009958908770766856,True
0,RF,balanced,age,platt_global,[20-30),216,22,0.10185185185185185,0.059022034543795635,0.06502554024843174,0.053884726572814526,0.11377818074200513,-0.04282981730805621,-0.08446064341774842,-0.00976306500671378,False
0,RF,balanced,age,platt_global,[50-60),2474,164,0.06628940986257073,0.0736840372353497,0.021282175240492,0.014350194440822472,0.028260463325953143,0.007394627372778975,-0.0023487030856137415,0.01687167510218102,True
0,RF,balanced,age,platt_global,[70-80),3604,367,0.10183129855715871,0.10184743316621461,0.007885645596650594,0.009183201674111156,0.021036480624831336,1.6134609055903915e-05,-0.008952412681638728,0.008293177716974826,True
0,RF,balanced,age,platt_global,[30-40),493,24,0.0486815415821501,0.06666996837640486,0.041051747497850156,0.02876293238891054,0.058843630574020006,0.01798842679425476,-0.003461841903627222,0.04030658421568517,False
0,RF,balanced,age,platt_global,[90-100),350,29,0.08285714285714285,0.1067919261806646,0.039291016263116256,0.03572453038325756,0.0742697197166776,0.023934783323521752,-0.00138688239817456,0.05000620108912568,True
0,RF,balanced,age,platt_global,[10-20),103,6,0.05825242718446602,0.04476320582215322,0.061085894704815784,0.049220429163723434,0.10770516319918116,-0.0134892213623128,-0.06461788235547179,0.018077445603451387,False
0,RF,balanced,age,platt_global,[0-10),28,1,0.03571428571428571,0.030888589297465536,0.06291745627347771,0.025038882916312614,0.15271434394169286,-0.0048256964168201764,-0.0799907643292619,0.03750922124153402,False
0,RF,balanced,age,iso_global,[80-90),2269,247,0.10885852798589687,0.11200115097906008,0.013920549737800606,0.011705580072171703,0.029273004747371933,0.003142622993163202,-0.009480310153830192,0.015266728397847467,True
0,RF,balanced,age,iso_global,[40-50),1319,116,0.08794541319181198,0.06964387157666505,0.01929602425886561,0.014466684887628485,0.03631615642876732,-0.018301541615146938,-0.03214021992373882,-0.00485176978486819,True
0,RF,balanced,age,iso_global,[60-70),3142,281,0.08943348185868873,0.0890748964714529,0.008543389175119733,0.007682464267462105,0.020130304322363256,-0.00035858538723582134,-0.008764246062121039,0.009084039650808036,True
0,RF,balanced,age,iso_global,[20-30),216,22,0.10185185185185185,0.05951709726547341,0.0631806082901221,0.03969658653873284,0.10758013604943165,-0.042334754586378434,-0.07522584784050257,-0.013006723923270704,False
0,RF,balanced,age,iso_global,[50-60),2474,164,0.06628940986257073,0.07337654344329016,0.017310883822804986,0.013162680844507224,0.026735650452306352,0.007087133580719426,-0.0029164908784928925,0.01784719555818084,True
0,RF,balanced,age,iso_global,[70-80),3604,367,0.10183129855715871,0.10264260859310055,0.007010412157752027,0.008254918677712018,0.01988586425441525,0.0008113100359418424,-0.011816217628671888,0.010789687015023626,True
0,RF,balanced,age,iso_global,[30-40),493,24,0.0486815415821501,0.06667073902074028,0.036365180993726834,0.02745803764121032,0.058264016500790425,0.017989197438590177,-0.0035813378525413973,0.03169933426414237,False
0,RF,balanced,age,iso_global,[90-100),350,29,0.08285714285714285,0.10439751434201132,0.031208474552947396,0.028392982216121056,0.061176198705981615,0.021540371484868467,-0.0013129316105047301,0.0465741640515654,True
0,RF,balanced,age,iso_global,[10-20),103,6,0.05825242718446602,0.043985188929324584,0.06591922913454279,0.037522548016063445,0.11542006991386954,-0.014267238255141437,-0.07397243292997122,0.02184281200031002,False
0,RF,balanced,age,iso_global,[0-10),28,1,0.03571428571428571,0.02801166920605538,0.048419832471361494,0.022100362983899988,0.12005175559300695,-0.007702616508230332,-0.07818901703355272,0.0335697051086294,False
0,RF,balanced,age,platt_group,[80-90),2269,247,0.10885852798589687,0.10845759847191287,0.01214103111468549,0.013035428867933624,0.032994119762285404,-0.00040092951398400245,-0.013440705637982376,0.010735604544660913,True
0,RF,balanced,age,platt_group,[40-50),1319,116,0.08794541319181198,0.07783879231546054,0.014968734470098503,0.013678605907257129,0.03531034205971884,-0.010106620876351446,-0.026891724814492004,0.003479783769490416,True
0,RF,balanced,age,platt_group,[60-70),3142,281,0.08943348185868873,0.08760535112945866,0.016869152727924323,0.012490626555902436,0.028996349230636136,-0.0018281307292300625,-0.013664470365967369,0.008947910124916489,True
0,RF,balanced,age,platt_group,[20-30),216,22,0.10185185185185185,0.059022034543795635,0.06502554024843174,0.05617307174433587,0.11300708211697079,-0.04282981730805621,-0.08727944512493174,-0.009593774837191458,False
0,RF,balanced,age,platt_group,[50-60),2474,164,0.06628940986257073,0.07182693936103607,0.018456346253299796,0.012659397924933752,0.026590017348207186,0.005537529498465338,-0.003060268281981373,0.013942443797842569,True
0,RF,balanced,age,platt_group,[70-80),3604,367,0.10183129855715871,0.10117063988689386,0.008507338132039105,0.009578445697699218,0.022160603054483932,-0.000660658670264852,-0.0094238255133785,0.010604117877394901,True
0,RF,balanced,age,platt_group,[30-40),493,24,0.0486815415821501,0.078301925963685,0.04242237350909777,0.03071094805551214,0.05466041845028837,0.0296203843815349,0.013298079936408266,0.04512667217149017,False
0,RF,balanced,age,platt_group,[90-100),350,29,0.08285714285714285,0.10985954511018022,0.05163436563604205,0.036817511272736546,0.08376116962577831,0.027002402253037364,0.0006325941372023848,0.05430886917046667,True
0,RF,balanced,age,platt_group,[10-20),103,6,0.05825242718446602,0.04476320582215322,0.061085894704815784,0.046806164408025264,0.11882236613668791,-0.0134892213623128,-0.06377719663147714,0.029359852432847448,False
0,RF,balanced,age,platt_group,[0-10),28,1,0.03571428571428571,0.030888589297465536,0.06291745627347771,0.028301208216884262,0.13626854223537405,-0.0048256964168201764,-0.08171960464246086,0.037877874891766826,False
0,RF,balanced,age,iso_group,[80-90),2269,247,0.10885852798589687,0.10817140624370512,0.007947623379776421,0.008393031105444572,0.02253911992886489,-0.0006871217421917514,-0.012539960464291339,0.011606887839988887,True
0,RF,balanced,age,iso_group,[40-50),1319,116,0.08794541319181198,0.07931826237622913,0.021117384039397957,0.015528749565284524,0.036293224807909474,-0.008627150815582851,-0.02138903975348682,0.004595968880249585,True
0,RF,balanced,age,iso_group,[60-70),3142,281,0.08943348185868873,0.08672666070485435,0.009656883306505904,0.0061396806915589965,0.020953775486883458,-0.002706821153834374,-0.010916750137420788,0.007384179018149307,True
0,RF,balanced,age,iso_group,[20-30),216,22,0.10185185185185185,0.05951709726547341,0.0631806082901221,0.04321159898944929,0.11193926657415465,-0.042334754586378434,-0.0751157784801111,-0.004021210904887164,False
0,RF,balanced,age,iso_group,[50-60),2474,164,0.06628940986257073,0.07059038891855729,0.013378909947773038,0.007646347238333954,0.022427470137966976,0.004300979055986559,-0.00475846497485626,0.0113601488698034,True
0,RF,balanced,age,iso_group,[70-80),3604,367,0.10183129855715871,0.10135833320310908,0.0047576346633865195,0.005598044299363428,0.017805294869948373,-0.0004729653540496287,-0.010993565526397854,0.00829070483105557,True
0,RF,balanced,age,iso_group,[30-40),493,24,0.0486815415821501,0.07676476333123408,0.02993195943967637,0.0220454429258377,0.05252998514776942,0.02808322174908398,0.011127115963127288,0.04405105790256143,False
0,RF,balanced,age,iso_group,[90-100),350,29,0.08285714285714285,0.10504731861198739,0.022190175754844707,0.0014278954484001876,0.05189882830103667,0.02219017575484454,-0.014889139251915299,0.05140130689499769,True
0,RF,balanced,age,iso_group,[10-20),103,6,0.05825242718446602,0.043985188929324584,0.06591922913454279,0.04044271933895671,0.1194829843210281,-0.014267238255141437,-0.056838017800974944,0.025144920022319796,False
0,RF,balanced,age,iso_group,[0-10),28,1,0.03571428571428571,0.02801166920605538,0.048419832471361494,0.02273198972877613,0.12873220475045488,-0.007702616508230332,-0.08376835572481649,0.035678673845392604,False
0,RF,balanced,gender,raw,Female,7442,641,0.08613276001074979,0.45631936658837463,0.37018660657762487,0.3641969394522257,0.3754903028934762,0.3701866065776248,0.364702253993506,0.3765634801707549,True
0,RF,balanced,gender,raw,Male,6556,616,0.09395973154362416,0.4502840365853043,0.35632430504168006,0.3491297715710214,0.36387732471537415,0.3563243050416801,0.34963499189622144,0.3635706288829357,True
0,RF,balanced,gender,platt_global,Female,7442,641,0.08613276001074979,0.09226831236275995,0.00782809528709485,0.00675423221215689,0.016270367418012147,0.00613555235201016,0.000512312266722657,0.01126406689720939,True
0,RF,balanced,gender,platt_global,Male,6556,616,0.09395973154362416,0.08832618396696133,0.011585230506065733,0.009390326943946911,0.01994790298432176,-0.005633547576662831,-0.01294140731677667,0.0008905590456241271,True
0,RF,balanced,gender,iso_global,Female,7442,641,0.08613276001074979,0.0923326608005453,0.007831951921004632,0.007312857452967712,0.014670338608029422,0.006199900789795501,-9.840849818347624e-05,0.011762579906810974,True
0,RF,balanced,gender,iso_global,Male,6556,616,0.09395973154362416,0.08812696303062093,0.010369815788622064,0.008198790806950481,0.018606930005575426,-0.005832768513003239,-0.013517803163348692,-0.0006359894385927983,True
0,RF,balanced,gender,platt_group,Female,7442,641,0.08613276001074979,0.09202176016551707,0.008237762347402599,0.007525823186506818,0.0167034247620136,0.005889000154767274,0.000573981876897364,0.011337386415678682,True
0,RF,balanced,gender,platt_group,Male,6556,616,0.09395973154362416,0.08853671795183492,0.011952428786237215,0.009821987901956675,0.020979356659064988,-0.005423013591789247,-0.0132565722713364,0.0015139257747995413,True
0,RF,balanced,gender,iso_group,Female,7442,641,0.08613276001074979,0.09194072373691015,0.008082755606487458,0.006454068546113708,0.015349593392640543,0.005807963726160353,0.000268406682801271,0.011812889219981651,True
0,RF,balanced,gender,iso_group,Male,6556,616,0.09395973154362416,0.08897763684270336,0.009409339673145457,0.007441766585225944,0.018046355402156357,-0.0049820947009208,-0.010967076468273985,0.0019177060908906927,True
0,HGB,none,race,raw,Caucasian,10471,963,0.09196829338172094,0.09026440457232798,0.010504596835017302,0.008578476067438225,0.017405414959418997,-0.001703888809392956,-0.0066931927140934655,0.0033269872502052376,True
0,HGB,none,race,raw,AfricanAmerican,2496,228,0.09134615384615384,0.0852039124278637,0.017638660892867343,0.013823864955266623,0.031088076325140303,-0.006142241418290145,-0.01645441783100852,0.005261820671268289,True
0,HGB,none,race,raw,Unknown,380,21,0.05526315789473684,0.07653666149007614,0.03216131682457405,0.03371632270045231,0.058208545997893636,0.021273503595339298,-0.0017712157145043043,0.04136460987019668,False
0,HGB,none,race,raw,Other,248,16,0.06451612903225806,0.08313036582843537,0.04990583688087207,0.03913991416170992,0.09059237932869259,0.01861423679617731,-0.018752590450167975,0.04521658027994325,False
0,HGB,none,race,raw,Hispanic,298,22,0.0738255033557047,0.07798271915320582,0.04207382717709209,0.03421413745670125,0.08012837198120583,0.004157215797501113,-0.022263105339597168,0.03592216942159211,False
0,HGB,none,race,raw,Asian,105,7,0.06666666666666667,0.08435369566716443,0.0987139773481795,0.07051682762626883,0.14259802643631903,0.01768702900049776,-0.037232414403542656,0.05925119605915357,False
0,HGB,none,race,platt_global,Caucasian,10471,963,0.09196829338172094,0.09180322285138591,0.006622029947458006,0.0055045786872290475,0.01384555257078645,-0.00016507053033502916,-0.005431015078918553,0.004272295502357198,True
0,HGB,none,race,platt_global,AfricanAmerican,2496,228,0.09134615384615384,0.08770501903318194,0.014425318653583426,0.011177723671632491,0.02846783670374309,-0.0036411348129719023,-0.014134989009989869,0.005571353319831688,True
0,HGB,none,race,platt_global,Unknown,380,21,0.05526315789473684,0.08089220740061209,0.039149988125682766,0.02701287337396912,0.06514293835205262,0.025629049505875252,-0.0013570528854530825,0.047231632156204593,False
0,HGB,none,race,platt_global,Other,248,16,0.06451612903225806,0.08585344304961175,0.049522504272105965,0.042995347948699206,0.08510379198993501,0.021337314017353684,-0.018844876592200327,0.05373815457845116,False
0,HGB,none,race,platt_global,Hispanic,298,22,0.0738255033557047,0.08063878609363469,0.035140999511820176,0.04072030340993419,0.08250854491298795,0.006813282737929985,-0.01937996308589924,0.036030443249502414,False
0,HGB,none,race,platt_global,Asian,105,7,0.06666666666666667,0.08610262125943752,0.09282606900313871,0.06377487719897607,0.13988243129146447,0.01943595459277085,-0.03329814209682638,0.06972054643146727,False
0,HGB,none,race,iso_global,Caucasian,10471,963,0.09196829338172094,0.09174952418310407,0.006806920409464704,0.004496266851889721,0.013112568668866165,-0.0002187691986168666,-0.00556531067387916,0.004061185570410933,True
0,HGB,none,race,iso_global,AfricanAmerican,2496,228,0.09134615384615384,0.08771262181044207,0.01263059466077517,0.009063743800480153,0.0265857129914111,-0.0036335320357117756,-0.014278874827205044,0.0054727062426648725,True
0,HGB,none,race,iso_global,Unknown,380,21,0.05526315789473684,0.08088472981356004,0.0403631465201749,0.030980227251556285,0.06254825363000405,0.0256215719188232,0.005424830805508701,0.044067164525012074,False
0,HGB,none,race,iso_global,Other,248,16,0.06451612903225806,0.0869329882060728,0.042374379907742274,0.027010859280400187,0.07468423301955683,0.022416859173814738,-0.010515229336403841,0.04860835795817836,False
0,HGB,none,race,iso_global,Hispanic,298,22,0.0738255033557047,0.0811368929224485,0.04167526531594944,0.029589645312681583,0.07025430776013479,0.007311389566743792,-0.017474741570622735,0.03506698815010118,False
0,HGB,none,race,iso_global,Asian,105,7,0.06666666666666667,0.0872122700790029,0.07946767992068218,0.06346853345296653,0.1344531340726555,0.02054560341233623,-0.01606440187388708,0.061715538364079316,False
0,HGB,none,race,platt_group,Caucasian,10471,963,0.09196829338172094,0.09264547663593317,0.00682253113955523,0.005274761791343357,0.012552008971181406,0.0006771832542122325,-0.0041990960920257996,0.006029583684503315,True
0,HGB,none,race,platt_group,AfricanAmerican,2496,228,0.09134615384615384,0.08610480607861593,0.014735632075212486,0.011427888234528059,0.02717688668754803,-0.0052413477675379155,-0.01599216325693537,0.005469891741016318,True
0,HGB,none,race,platt_group,Unknown,380,21,0.05526315789473684,0.08252204000194371,0.04594762173944603,0.03443034116135915,0.07274043226765857,0.027258882107206873,0.005085306183680714,0.05168289742827739,False
0,HGB,none,race,platt_group,Other,248,16,0.06451612903225806,0.08585344304961175,0.049522504272105965,0.04046622520776944,0.08621239917961115,0.021337314017353684,-0.017790449475048355,0.050823115235110655,False
0,HGB,none,race,platt_group,Hispanic,298,22,0.0738255033557047,0.07790051060459634,0.03273425145688544,0.035830752341177295,0.0768272610888602,0.004075007248891635,-0.03791781540421442,0.03443278212592278,False
0,HGB,none,race,platt_group,Asian,105,7,0.06666666666666667,0.08610262125943752,0.09282606900313871,0.07023345156183666,0.1547949383042749,0.01943595459277085,-0.03821873965978438,0.058504368679350764,False
0,HGB,none,race,iso_group,Caucasian,10471,963,0.09196829338172094,0.09252605808946072,0.006217918784070736,0.004372175958839045,0.012275618879061995,0.0005577647077397857,-0.004803567781265805,0.005064411428424926,True
0,HGB,none,race,iso_group,AfricanAmerican,2496,228,0.09134615384615384,0.08578131990826093,0.013732456539897187,0.010550871902694265,0.029250108888020758,-0.005564833937892907,-0.01587688545152709,0.0037249516032064065,True
0,HGB,none,race,iso_group,Unknown,380,21,0.05526315789473684,0.08156717235247465,0.030472604391836244,0.01628453742555442,0.050174592107315126,0.026304014457737813,0.0018458445960405374,0.046151496150353306,False
0,HGB,none,race,iso_group,Other,248,16,0.06451612903225806,0.0869329882060728,0.042374379907742274,0.03027973369050533,0.07607349073906848,0.022416859173814738,-0.00557950089525375,0.052199747980729336,False
0,HGB,none,race,iso_group,Hispanic,298,22,0.0738255033557047,0.0745813095007077,0.040995387075239656,0.024874934488093824,0.07182075449992863,0.0007558061450029935,-0.029858489921030972,0.0261235764725116,False
0,HGB,none,race,iso_group,Asian,105,7,0.06666666666666667,0.0872122700790029,0.07946767992068218,0.058867297395562415,0.13502083581410285,0.02054560341233623,-0.0161164209930302,0.06634139560650965,False
0,HGB,none,age,raw,[80-90),2269,247,0.10885852798589687,0.1067561069022411,0.020591258184203372,0.018211629852339782,0.035657205147688505,-0.00210242108365577,-0.013575898193229132,0.00810323846630861,True
0,HGB,none,age,raw,[40-50),1319,116,0.08794541319181198,0.06723512692614761,0.030654184588572702,0.021008956936794273,0.046709304124019996,-0.020710286265664374,-0.03481871824650281,-0.0054879761407367125,True
0,HGB,none,age,raw,[60-70),3142,281,0.08943348185868873,0.08833850971665305,0.01565242527429083,0.012188557696346145,0.028071232233319372,-0.0010949721420356745,-0.010629390869024617,0.007842104151968822,True
0,HGB,none,age,raw,[20-30),216,22,0.10185185185185185,0.06486835060575286,0.05689005939950545,0.03890404823124207,0.09922096402082786,-0.03698350124609899,-0.07117217200849235,-0.00047796146382604664,False
0,HGB,none,age,raw,[50-60),2474,164,0.06628940986257073,0.0703252647963419,0.014630987389621522,0.010450811917761206,0.02648368482997765,0.004035854933771163,-0.006051552306591044,0.014096039783045676,True
0,HGB,none,age,raw,[70-80),3604,367,0.10183129855715871,0.10232952956528142,0.015648234757262847,0.011584799863215844,0.027966342907502374,0.0004982310081227126,-0.008981502293719724,0.00922996783542688,True
0,HGB,none,age,raw,[30-40),493,24,0.0486815415821501,0.06904758436551245,0.030005731958558553,0.02728048800153437,0.05297454107665588,0.020366042783362348,0.0026108535620466755,0.03412015620983405,False
0,HGB,none,age,raw,[90-100),350,29,0.08285714285714285,0.10008061288078003,0.03363355352584221,0.02781319964848092,0.06910076192278662,0.01722347002363718,-0.012143365448152343,0.04399943137448456,True
0,HGB,none,age,raw,[10-20),103,6,0.05825242718446602,0.04873068153199056,0.05168027167286003,0.03195344287814548,0.09933317794773062,-0.00952174565247546,-0.05984662202378004,0.031050563865403356,False
0,HGB,none,age,raw,[0-10),28,1,0.03571428571428571,0.009701158791162063,0.044059994980576646,0.008045427849986802,0.11579281404999131,-0.02601312692312365,-0.09537228720966674,0.012863940274717368,False
0,HGB,none,age,platt_global,[80-90),2269,247,0.10885852798589687,0.10509026075724506,0.01756742903812214,0.013667414740874195,0.033998276419144095,-0.0037682672286518115,-0.015837407092712634,0.008838063837964155,True
0,HGB,none,age,platt_global,[40-50),1319,116,0.08794541319181198,0.07342711820462076,0.02311354937285281,0.017271971045207387,0.04046067560866195,-0.014518294987191219,-0.02888429530627614,0.00017243562888913665,True
0,HGB,none,age,platt_global,[60-70),3142,281,0.08943348185868873,0.09048663204435947,0.0066490463473107666,0.009923088612408534,0.023216429445597594,0.0010531501856707454,-0.009621310986371048,0.010737805940168455,True
0,HGB,none,age,platt_global,[20-30),216,22,0.10185185185185185,0.07035954099554653,0.057619009936515406,0.042720260182989314,0.10680573769281645,-0.031492310856305314,-0.07438995048890117,0.0011612212506461658,False
0,HGB,none,age,platt_global,[50-60),2474,164,0.06628940986257073,0.07589185942128676,0.01357438453632649,0.011887584439735881,0.02526107192291727,0.00960244955871603,0.00023769626069102375,0.01905433888592428,True
0,HGB,none,age,platt_global,[70-80),3604,367,0.10183129855715871,0.10120654530637986,0.010059224973473235,0.011949100175103432,0.022601139205738568,-0.0006247532507788478,-0.009778114742129354,0.007444459191163981,True
0,HGB,none,age,platt_global,[30-40),493,24,0.0486815415821501,0.07454865134487203,0.03801337071686806,0.029725216615677882,0.057937768371549986,0.025867109762721927,0.003836158502589606,0.0471380353031879,False
0,HGB,none,age,platt_global,[90-100),350,29,0.08285714285714285,0.10020888210042317,0.02985231812646039,0.028588125257514765,0.07091767482777526,0.017351739243280317,-0.007866835963552693,0.04432290661299616,True
0,HGB,none,age,platt_global,[10-20),103,6,0.05825242718446602,0.05523222850493556,0.049458284323027124,0.04042456254349161,0.09956577935999242,-0.0030201986795304614,-0.053875872710541194,0.027746655070459394,False
0,HGB,none,age,platt_global,[0-10),28,1,0.03571428571428571,0.016389570543937675,0.0493330377093254,0.013000031092653802,0.13975944908100763,-0.019324715170348037,-0.09302950217941333,0.020406457084499088,False
0,HGB,none,age,iso_global,[80-90),2269,247,0.10885852798589687,0.1051993423529985,0.017618598550776125,0.012238573784592713,0.03221488213225993,-0.003659185632898368,-0.01641921135256087,0.008933941456953335,True
0,HGB,none,age,iso_global,[40-50),1319,116,0.08794541319181198,0.07282649999287479,0.019647088865195866,0.013931314244639153,0.03857672234822429,-0.015118913198937198,-0.02924967340475366,-0.0014856898055380433,True
0,HGB,none,age,iso_global,[60-70),3142,281,0.08943348185868873,0.09044929920956078,0.00924299860401884,0.00680644512243887,0.022526154179760102,0.0010158173508720558,-0.007453267364754687,0.010912002339268381,True
0,HGB,none,age,iso_global,[20-30),216,22,0.10185185185185185,0.0707204763245465,0.03315137042377663,0.027132347806270947,0.09124389919000835,-0.03113137552730534,-0.06543448640182672,-0.001031016487969455,False
0,HGB,none,age,iso_global,[50-60),2474,164,0.06628940986257073,0.07542294487005773,0.012315063653849757,0.010149322435339706,0.024126385154848138,0.009133535007486995,-0.0007242654361808312,0.020658690161415447,True
0,HGB,none,age,iso_global,[70-80),3604,367,0.10183129855715871,0.10165834827116105,0.0053061327985946954,0.005932352740966691,0.02049576210124732,-0.00017295028599766116,-0.012883698984838373,0.009624822562744412,True
0,HGB,none,age,iso_global,[30-40),493,24,0.0486815415821501,0.07477863996402605,0.03252013788809358,0.02231755935630535,0.05145793114045565,0.026097098381875947,0.00643683676840419,0.039877354504688184,False
0,HGB,none,age,iso_global,[90-100),350,29,0.08285714285714285,0.10005541889908583,0.026043475135948662,0.01957573449163154,0.057253076225810134,0.017198276041942975,-0.005501496935785886,0.04267397046533723,True
0,HGB,none,age,iso_global,[10-20),103,6,0.05825242718446602,0.055875772264073295,0.03486288656166253,0.02336850924189049,0.09964916344871097,-0.002376654920392726,-0.060912608422654974,0.035603860595705396,False
0,HGB,none,age,iso_global,[0-10),28,1,0.03571428571428571,0.015547388698599248,0.03827466142587197,0.011556115226917817,0.1100984633498394,-0.020166897015686462,-0.09019413707146898,0.02052958853114543,False
0,HGB,none,age,platt_group,[80-90),2269,247,0.10885852798589687,0.10881901221878852,0.017554403974563676,0.017268225629356003,0.03410913239898188,-3.951576710835292e-05,-0.01335317262864571,0.011256781036104993,True
0,HGB,none,age,platt_group,[40-50),1319,116,0.08794541319181198,0.07776085505640092,0.025736764215305737,0.01810154990809388,0.04443496818322902,-0.010184558135411068,-0.027156524034482474,0.00332870857086564,True
0,HGB,none,age,platt_group,[60-70),3142,281,0.08943348185868873,0.08679941672552718,0.01107325295766141,0.010232264612747299,0.023632599295219308,-0.0026340651331615422,-0.014707475752409757,0.007984801961743332,True
0,HGB,none,age,platt_group,[20-30),216,22,0.10185185185185185,0.07035954099554653,0.057619009936515406,0.043530118372218644,0.10634186736616734,-0.031492310856305314,-0.07447709037144916,7.941185774937732e-05,False
0,HGB,none,age,platt_group,[50-60),2474,164,0.06628940986257073,0.07143733012674484,0.012416054717477264,0.009836900803662875,0.024917311174662008,0.005147920264174113,-0.003794724919507101,0.013645140861943197,True
0,HGB,none,age,platt_group,[70-80),3604,367,0.10183129855715871,0.10185088076751563,0.012346530816039446,0.011066248270078266,0.0244949560573129,1.958221035691654e-05,-0.008366183108914588,0.011369054516933123,True
0,HGB,none,age,platt_group,[30-40),493,24,0.0486815415821501,0.07895661312699113,0.04176722568497167,0.03136314816716241,0.06039235938150268,0.030275071544841034,0.01497720713476922,0.04654664364374909,False
0,HGB,none,age,platt_group,[90-100),350,29,0.08285714285714285,0.10868410543779426,0.04499336457260527,0.044097586514991016,0.08189094311913243,0.02582696258065141,-0.0012336475901509128,0.05320021400178265,True
0,HGB,none,age,platt_group,[10-20),103,6,0.05825242718446602,0.05523222850493556,0.049458284323027124,0.04047002150015639,0.11242649266988657,-0.0030201986795304614,-0.049823741233534585,0.04281780042610173,False
0,HGB,none,age,platt_group,[0-10),28,1,0.03571428571428571,0.016389570543937675,0.0493330377093254,0.014391818717997433,0.12296444711098324,-0.019324715170348037,-0.09391107643557167,0.01962020058576146,False
0,HGB,none,age,iso_group,[80-90),2269,247,0.10885852798589687,0.10829251037970945,0.01625339652183779,0.009263172262616694,0.027877615712406836,-0.0005660176061874217,-0.01217503081086523,0.011925702175738344,True
0,HGB,none,age,iso_group,[40-50),1319,116,0.08794541319181198,0.07761732350006835,0.026213923451712924,0.020547089108556363,0.04281840895679135,-0.010328089691743633,-0.024327327603201835,0.0027457034682983154,True
0,HGB,none,age,iso_group,[60-70),3142,281,0.08943348185868873,0.08584117642795332,0.016343989593535665,0.010966800789697537,0.023734769684467274,-0.0035923054307354096,-0.012822796698822263,0.006868859388750739,True
0,HGB,none,age,iso_group,[20-30),216,22,0.10185185185185185,0.0707204763245465,0.03315137042377663,0.02912499376252752,0.08741889395269845,-0.03113137552730534,-0.06455945868415335,0.008522309602429078,False
0,HGB,none,age,iso_group,[50-60),2474,164,0.06628940986257073,0.07150493892175186,0.011731367595693834,0.010742711960773846,0.02387962687285068,0.005215529059181129,-0.0034985108611485676,0.012978725737410213,True
0,HGB,none,age,iso_group,[70-80),3604,367,0.10183129855715871,0.10209203848007728,0.008113079656521081,0.007811709946614138,0.022110687845457618,0.00026073992291857084,-0.010232838967997237,0.00903488625528433,True
0,HGB,none,age,iso_group,[30-40),493,24,0.0486815415821501,0.07929839211822531,0.04395113590019793,0.026759045453718742,0.05740994038379022,0.030616850536075213,0.013261936798383512,0.04624405012847561,False
0,HGB,none,age,iso_group,[90-100),350,29,0.08285714285714285,0.10563297911674137,0.022775836259597823,0.002647025662398041,0.05319464751979605,0.022775836259598517,-0.01394062445130274,0.05199685299276367,True
0,HGB,none,age,iso_group,[10-20),103,6,0.05825242718446602,0.055875772264073295,0.03486288656166253,0.029406364800901995,0.09170980859327091,-0.002376654920392726,-0.0432554565238609,0.038003566771533305,False
0,HGB,none,age,iso_group,[0-10),28,1,0.03571428571428571,0.015547388698599248,0.03827466142587197,0.011194812867588548,0.11177399703075838,-0.020166897015686462,-0.09417557072359042,0.019490488370315272,False
0,HGB,none,gender,raw,Female,7442,641,0.08613276001074979,0.09038186749929879,0.014542187450900544,0.011603335878363921,0.022160286861094072,0.004249107488548995,-0.0011499816487088744,0.010470819365616868,True
0,HGB,none,gender,raw,Male,6556,616,0.09395973154362416,0.0864859576283406,0.013450347081050943,0.010523075516142193,0.02050632430019476,-0.00747377391528356,-0.01459957248801855,-0.0014873066226737453,True
0,HGB,none,gender,platt_global,Female,7442,641,0.08613276001074979,0.09180136056734427,0.008624066270973488,0.007185875608872897,0.01569998431014075,0.005668600556594475,3.534297833788507e-05,0.010700868732710148,True
0,HGB,none,gender,platt_global,Male,6556,616,0.09395973154362416,0.08878880030783838,0.01198356286096336,0.008298883070574161,0.01882692023022548,-0.005170931235785783,-0.012649200482153046,0.0014654426947838316,True
0,HGB,none,gender,iso_global,Female,7442,641,0.08613276001074979,0.09189828184738053,0.006490729139298508,0.004734845768717393,0.014204710100559972,0.005765521836630733,-0.0009812286822160972,0.011317408199689419,True
0,HGB,none,gender,iso_global,Male,6556,616,0.09395973154362416,0.08867672652614154,0.00899726258748879,0.006412052370015959,0.017457623360994785,-0.00528300501748262,-0.012605890660408198,3.739792026544189e-05,True
0,HGB,none,gender,platt_group,Female,7442,641,0.08613276001074979,0.09183894727891596,0.00895093682096018,0.006962488178584344,0.01706320264423813,0.005706187268166171,0.0009161180922319517,0.01134757447530379,True
0,HGB,none,gender,platt_group,Male,6556,616,0.09395973154362416,0.08860391336564531,0.012231506196332866,0.008895442426882783,0.020168734691886347,-0.005355818177978852,-0.013526647380144115,0.0016481073305067073,True
0,HGB,none,gender,iso_group,Female,7442,641,0.08613276001074979,0.09164196216281686,0.006522810308619979,0.0054853730583759655,0.016090358578801804,0.005509202152067072,0.00036333166185122047,0.011562893847008399,True
0,HGB,none,gender,iso_group,Male,6556,616,0.09395973154362416,0.08881045277145636,0.012351819449648872,0.008380036343012258,0.018793056836190425,-0.005149278772167809,-0.01108758547182133,0.0017174516222337379,True
0,HGB,balanced,race,raw,Caucasian,10471,963,0.09196829338172094,0.40961327958915045,0.3176449862074295,0.31320417543126894,0.32248029242268883,0.31764498620742954,0.3114006785475446,0.3232415195060009,True
0,HGB,balanced,race,raw,AfricanAmerican,2496,228,0.09134615384615384,0.3915524820765675,0.30020632823041377,0.28836335368039073,0.3118456429208771,0.30020632823041365,0.2883069881547331,0.3125474199656314,True
0,HGB,balanced,race,raw,Unknown,380,21,0.05526315789473684,0.34431641626065185,0.289053258365915,0.26592499042310885,0.31183432880320633,0.289053258365915,0.26386309643334427,0.31234316937352585,False
0,HGB,balanced,race,raw,Other,248,16,0.06451612903225806,0.3599728763731497,0.29545674734089156,0.25682636120489516,0.32128615783028414,0.2954567473408916,0.2523920636298529,0.327154304085369,False
0,HGB,balanced,race,raw,Hispanic,298,22,0.0738255033557047,0.32296577635925605,0.24914027300355138,0.22004973473937794,0.2846784986161398,0.24914027300355135,0.2212207483255227,0.2860013822353617,False
0,HGB,balanced,race,raw,Asian,105,7,0.06666666666666667,0.37285244779718896,0.3067120867744468,0.2669703808399405,0.3762449548182512,0.3061857811305223,0.23103490205385022,0.3571325712383959,False
0,HGB,balanced,race,platt_global,Caucasian,10471,963,0.09196829338172094,0.09250520137574926,0.011710360370712778,0.009301443969485219,0.01929752472360955,0.0005369079940283211,-0.005157839687663406,0.005093761911375084,True
0,HGB,balanced,race,platt_global,AfricanAmerican,2496,228,0.09134615384615384,0.08822745265580945,0.013357343145018997,0.013589912897462869,0.027850515600978745,-0.0031187011903443945,-0.013767080886072394,0.006213701256734524,True
0,HGB,balanced,race,platt_global,Unknown,380,21,0.05526315789473684,0.07635498250261623,0.024834529444922447,0.029085357276336016,0.061695065534059505,0.021091824607879388,-0.005755567242845127,0.04302891566955296,False
0,HGB,balanced,race,platt_global,Other,248,16,0.06451612903225806,0.08048282058409303,0.03221479432823471,0.03089839368684743,0.07435001943214166,0.01596669155183497,-0.024367065113814534,0.04676389745127694,False
0,HGB,balanced,race,platt_global,Hispanic,298,22,0.0738255033557047,0.07309299539992138,0.029556995168237295,0.03506951733679474,0.07698075199725336,-0.0007325079557833208,-0.02606938247696463,0.02815142214563854,False
0,HGB,balanced,race,platt_global,Asian,105,7,0.06666666666666667,0.08373515413815819,0.0824324968311436,0.06954633900338968,0.13730429541675548,0.01706848747149152,-0.03690976805049727,0.06633237051509835,False
0,HGB,balanced,race,iso_global,Caucasian,10471,963,0.09196829338172094,0.09246979131692555,0.004472428417854249,0.004514898468475238,0.011582725167410365,0.0005014979352046117,-0.005132251539590864,0.0046916837505336356,True
0,HGB,balanced,race,iso_global,AfricanAmerican,2496,228,0.09134615384615384,0.08791078299022645,0.00882028922264741,0.009703615850876895,0.024484643852538825,-0.0034353708559273916,-0.014131857627460748,0.005573197550423545,True
0,HGB,balanced,race,iso_global,Unknown,380,21,0.05526315789473684,0.07650807597179693,0.02748890372132602,0.028969676160674702,0.05855364998345078,0.02124491807706009,0.001618107047689837,0.03965347365621191,False
0,HGB,balanced,race,iso_global,Other,248,16,0.06451612903225806,0.08053812033917805,0.019105100355040552,0.025037899420985735,0.06075614045146312,0.01602199130691999,-0.016576291160337788,0.04027444915464445,False
0,HGB,balanced,race,iso_global,Hispanic,298,22,0.0738255033557047,0.07524264391425936,0.0302820132950511,0.027290014174363008,0.06429465106728265,0.0014171405585546581,-0.023674993421424165,0.029545455329959086,False
0,HGB,balanced,race,iso_global,Asian,105,7,0.06666666666666667,0.08492164304715051,0.0848766563881746,0.05511264143318961,0.14309061833780395,0.018254976380483845,-0.019817678713418947,0.05956880011520493,False
0,HGB,balanced,race,platt_group,Caucasian,10471,963,0.09196829338172094,0.09290156528081399,0.011809351538068124,0.008450072297033382,0.017987903515631006,0.0009332718990930494,-0.003805191838026291,0.006290104713465281,True
0,HGB,balanced,race,platt_group,AfricanAmerican,2496,228,0.09134615384615384,0.08664618026736817,0.013674711751656715,0.011074804970093121,0.02909277074378699,-0.004699973578785668,-0.015569003744743497,0.006306822956738265,True
0,HGB,balanced,race,platt_group,Unknown,380,21,0.05526315789473684,0.08109837912206232,0.03060100163101014,0.0312917053380804,0.062101304202074596,0.025835221227325476,0.003720855361009795,0.04992388172866247,False
0,HGB,balanced,race,platt_group,Other,248,16,0.06451612903225806,0.08048282058409303,0.03221479432823471,0.031539932825689544,0.0738818193559032,0.01596669155183497,-0.024059406662859727,0.044277100059416895,False
0,HGB,balanced,race,platt_group,Hispanic,298,22,0.0738255033557047,0.07664212381328499,0.02967243946160471,0.03325830858808886,0.0703767191071751,0.002816620457580285,-0.03927403766423848,0.033387957968481576,False
0,HGB,balanced,race,platt_group,Asian,105,7,0.06666666666666667,0.08373515413815819,0.0824324968311436,0.07269000881822281,0.154468707123754,0.01706848747149152,-0.039233028045825215,0.053491821513988236,False
0,HGB,balanced,race,iso_group,Caucasian,10471,963,0.09196829338172094,0.09311073266502476,0.00655050082724437,0.005264301528363557,0.01289643371896812,0.00114243928330382,-0.004113312911220081,0.005883377106829916,True
0,HGB,balanced,race,iso_group,AfricanAmerican,2496,228,0.09134615384615384,0.08664508842216939,0.007853417772639783,0.008394438731318335,0.022767786113581982,-0.004701065423984449,-0.014932345826530139,0.004581375475752832,True
0,HGB,balanced,race,iso_group,Unknown,380,21,0.05526315789473684,0.07832751078288845,0.023064352888151646,0.017227607545140397,0.04739743125377998,0.02306435288815161,-0.0015709750301962154,0.043078203498770166,False
0,HGB,balanced,race,iso_group,Other,248,16,0.06451612903225806,0.08053812033917805,0.019105100355040552,0.02429000329867414,0.06754561876020092,0.01602199130691999,-0.011875578654066493,0.04667919675242637,False
0,HGB,balanced,race,iso_group,Hispanic,298,22,0.0738255033557047,0.07345036189706973,0.03721911142454232,0.02765224067113381,0.06953131911179791,-0.0003751414586349727,-0.030741496573099655,0.024089412729907105,False
0,HGB,balanced,race,iso_group,Asian,105,7,0.06666666666666667,0.08492164304715051,0.0848766563881746,0.06852795879617556,0.1328111184378596,0.018254976380483845,-0.022403986051417506,0.06662785972493408,False
0,HGB,balanced,age,raw,[80-90),2269,247,0.10885852798589687,0.46333622038878464,0.35447769240288785,0.34187668678504013,0.3684178765417702,0.35447769240288773,0.34323864926983344,0.36588667204484304,True
0,HGB,balanced,age,raw,[40-50),1319,116,0.08794541319181198,0.33176521264396425,0.2438197994521523,0.22571866312829192,0.2575269901730156,0.24381979945215226,0.22863781155163063,0.2620008066944913,True
0,HGB,balanced,age,raw,[60-70),3142,281,0.08943348185868873,0.40592883127921753,0.3164953494205288,0.3058722156978258,0.32727643721817423,0.3164953494205288,0.30748366203502253,0.3267366043063767,True
0,HGB,balanced,age,raw,[20-30),216,22,0.10185185185185185,0.32045024855771004,0.21859839670585812,0.1872346908525351,0.2522777021234096,0.21859839670585818,0.18172250564004408,0.2576345135754373,False
0,HGB,balanced,age,raw,[50-60),2474,164,0.06628940986257073,0.3433713214200434,0.2770819115574726,0.26499566127737745,0.2889610309190826,0.27708191155747264,0.26711286391018363,0.287962351518904,True
0,HGB,balanced,age,raw,[70-80),3604,367,0.10183129855715871,0.4437512327123186,0.3419199341551599,0.33037151513644497,0.35319343327483094,0.34191993415515987,0.332830160684651,0.35142276389952287,True
0,HGB,balanced,age,raw,[30-40),493,24,0.0486815415821501,0.32421159314841197,0.27553005156626187,0.2527139378158648,0.29650071062143274,0.27553005156626187,0.25411610886582975,0.29334096514467267,False
0,HGB,balanced,age,raw,[90-100),350,29,0.08285714285714285,0.4364595264161075,0.35360238355896473,0.3204242166687642,0.38192637025360276,0.3536023835589647,0.3247753792734538,0.3815167117127928,True
0,HGB,balanced,age,raw,[10-20),103,6,0.05825242718446602,0.24801793601733715,0.1897655088328711,0.1507905586036905,0.24319779744680278,0.18976550883287113,0.13153561908831826,0.23397799114123755,False
0,HGB,balanced,age,raw,[0-10),28,1,0.03571428571428571,0.05019770218488849,0.07882960882442527,0.04159947803811372,0.15094515136868514,0.014483416470602778,-0.046831375779509736,0.06936743089667537,False
0,HGB,balanced,age,platt_global,[80-90),2269,247,0.10885852798589687,0.10562858864016034,0.021960090573396797,0.018068329655143125,0.03589907985714572,-0.0032299393457365377,-0.014902403306415901,0.00891166332160785,True
0,HGB,balanced,age,platt_global,[40-50),1319,116,0.08794541319181198,0.0734330313836319,0.019392914879211846,0.015257921362241533,0.03996429082945231,-0.014512381808180083,-0.02839326701977434,-1.3580669983671097e-06,True
0,HGB,balanced,age,platt_global,[60-70),3142,281,0.08943348185868873,0.09095641656453546,0.017945996627419213,0.013201302711171111,0.0284743819004384,0.0015229347058467319,-0.009572161674062288,0.011906255948693694,True
0,HGB,balanced,age,platt_global,[20-30),216,22,0.10185185185185185,0.07293008563745487,0.06508944346674214,0.04585745760720534,0.1081755036847522,-0.028921766214396974,-0.07152328052533737,0.004937944611362995,False
0,HGB,balanced,age,platt_global,[50-60),2474,164,0.06628940986257073,0.07630387400767204,0.018583519252423006,0.015474513985291163,0.033890819960761445,0.010014464145101307,0.00048590989898921854,0.01950321869083187,True
0,HGB,balanced,age,platt_global,[70-80),3604,367,0.10183129855715871,0.10134851579994326,0.014655248535657226,0.011869891262426205,0.028284990163573432,-0.00048278275721544417,-0.009348282625637076,0.007240542874151996,True
0,HGB,balanced,age,platt_global,[30-40),493,24,0.0486815415821501,0.07215489729751393,0.024014366693706844,0.023786030949852318,0.04832738013842402,0.023473355715363825,0.0008287148919135646,0.04546738960652087,False
0,HGB,balanced,age,platt_global,[90-100),350,29,0.08285714285714285,0.09831071015042361,0.0475751054795004,0.03882007337828492,0.08100756987327926,0.015453567293280762,-0.009716210393532185,0.04364273703921754,True
0,HGB,balanced,age,platt_global,[10-20),103,6,0.05825242718446602,0.05725422578319539,0.04851555023867973,0.04024120090243627,0.10090368766237179,-0.000998201401270632,-0.0514507637113842,0.029630614853964714,False
0,HGB,balanced,age,platt_global,[0-10),28,1,0.03571428571428571,0.014453333105019533,0.047656422098947875,0.01100178321210935,0.13709489462463634,-0.02126095260926618,-0.09471831815690519,0.018638618330109092,False
0,HGB,balanced,age,iso_global,[80-90),2269,247,0.10885852798589687,0.10428348124924042,0.01908737705986653,0.017307238910077318,0.0326199947812655,-0.004575046736656457,-0.017766457890709676,0.007987543946250704,True
0,HGB,balanced,age,iso_global,[40-50),1319,116,0.08794541319181198,0.074074385373468,0.015652139878596046,0.00963768836977408,0.03294598414598364,-0.013871027818343984,-0.028498437584727046,-0.0005331037873418372,True
0,HGB,balanced,age,iso_global,[60-70),3142,281,0.08943348185868873,0.0908288765769569,0.010128740986934053,0.007362762924281876,0.022475468751446057,0.0013953947182681753,-0.007088799821985693,0.010985214527523867,True
0,HGB,balanced,age,iso_global,[20-30),216,22,0.10185185185185185,0.0750851232053516,0.04695931018437951,0.03544533197396001,0.09325185356653452,-0.026766728646500246,-0.06084939061312755,0.0046314169049882,False
0,HGB,balanced,age,iso_global,[50-60),2474,164,0.06628940986257073,0.07692751746054907,0.014486249074870356,0.010962880102230076,0.02619408525647123,0.010638107597978341,0.0008663408421067249,0.020976329036059123,True
0,HGB,balanced,age,iso_global,[70-80),3604,367,0.10183129855715871,0.10159112276238697,0.010780505948545101,0.007698447626775916,0.02359184927096587,-0.00024017579477174367,-0.012970010890355783,0.009757815347356735,True
0,HGB,balanced,age,iso_global,[30-40),493,24,0.0486815415821501,0.07236883376064077,0.025766942363108232,0.02061010914496467,0.048820622622699046,0.023687292178490665,0.0031509227888008922,0.03735299533899625,False
0,HGB,balanced,age,iso_global,[90-100),350,29,0.08285714285714285,0.0962953492628506,0.039376669947749916,0.028773307800357212,0.08242950911534724,0.013438206405707753,-0.01053003067872256,0.03973650340311212,True
0,HGB,balanced,age,iso_global,[10-20),103,6,0.05825242718446602,0.057806986442496704,0.03129001792499371,0.030430106910923786,0.09895167275317458,-0.00044544074196931766,-0.05646165207727778,0.03609499439208879,False
0,HGB,balanced,age,iso_global,[0-10),28,1,0.03571428571428571,0.012415740751237164,0.039459304059896096,0.007999137343692803,0.11040054639095327,-0.023298544963048548,-0.09405768230302959,0.017702872198609793,False
0,HGB,balanced,age,platt_group,[80-90),2269,247,0.10885852798589687,0.10895826347935159,0.021873005638400216,0.017051506926852873,0.03707431647022847,9.973549345471122e-05,-0.013053839032543242,0.01097451716737709,True
0,HGB,balanced,age,platt_group,[40-50),1319,116,0.08794541319181198,0.07919312534009049,0.01618933134147696,0.01504558874721388,0.03575936791794035,-0.008752287851721496,-0.02510881892266984,0.004573956775781665,True
0,HGB,balanced,age,platt_group,[60-70),3142,281,0.08943348185868873,0.08705259446212922,0.020629048716077066,0.013872507384183573,0.031149563515970948,-0.0023808873965595057,-0.01441014245680427,0.008206970840598663,True
0,HGB,balanced,age,platt_group,[20-30),216,22,0.10185185185185185,0.07293008563745487,0.06508944346674214,0.046085391764448744,0.1012700904026683,-0.028921766214396974,-0.07203799178169047,0.003114004981599041,False
0,HGB,balanced,age,platt_group,[50-60),2474,164,0.06628940986257073,0.07182501889018378,0.017689047681136494,0.015135422702553919,0.02913258105914519,0.005535609027613048,-0.0034875841143150775,0.014303594138908447,True
0,HGB,balanced,age,platt_group,[70-80),3604,367,0.10183129855715871,0.10159693117571789,0.017510668305413417,0.0162169549920866,0.032754335697804365,-0.00023436738144082259,-0.008917090908556104,0.011131664061081629,True
0,HGB,balanced,age,platt_group,[30-40),493,24,0.0486815415821501,0.07934762809524294,0.031038282343458935,0.027513703496962784,0.05748775037873387,0.03066608651309284,0.01497349831799248,0.04737514210317443,False
0,HGB,balanced,age,platt_group,[90-100),350,29,0.08285714285714285,0.11031756639395318,0.0693216535283556,0.05149206483565896,0.09903450656798028,0.02746042353681033,0.00035804799602974654,0.05413894324135822,True
0,HGB,balanced,age,platt_group,[10-20),103,6,0.05825242718446602,0.05725422578319539,0.04851555023867973,0.04339418438905079,0.10687301231452949,-0.000998201401270632,-0.045465975061152054,0.042675926423763166,False
0,HGB,balanced,age,platt_group,[0-10),28,1,0.03571428571428571,0.014453333105019533,0.047656422098947875,0.011688189573815897,0.12058642844920014,-0.02126095260926618,-0.09562477554199235,0.01735029379577055,False
0,HGB,balanced,age,iso_group,[80-90),2269,247,0.10885852798589687,0.10896129149309622,0.017005159438014568,0.010925424992846038,0.028511879789855903,0.0001027635071993438,-0.012110565446539103,0.013003871961627953,True
0,HGB,balanced,age,iso_group,[40-50),1319,116,0.08794541319181198,0.07857046283331515,0.017076092420643386,0.014047950984106796,0.03221444079758243,-0.009374950358496836,-0.02224618483318577,0.0039415658377687,True
0,HGB,balanced,age,iso_group,[60-70),3142,281,0.08943348185868873,0.08694939244169543,0.02066666933360953,0.015459291885715949,0.028825959798715595,-0.002484089416993296,-0.01096114708523772,0.008194800015337043,True
0,HGB,balanced,age,iso_group,[20-30),216,22,0.10185185185185185,0.0750851232053516,0.04695931018437951,0.039896823542981755,0.09781539302333407,-0.026766728646500246,-0.059739902053467436,0.01335023240355478,False
0,HGB,balanced,age,iso_group,[50-60),2474,164,0.06628940986257073,0.07242638384597166,0.017617215670118667,0.011325083597223864,0.02872007450743007,0.006136973983400934,-0.0030396396728207464,0.013780716801644234,True
0,HGB,balanced,age,iso_group,[70-80),3604,367,0.10183129855715871,0.10177987183460659,0.007321566502875072,0.006272085082651576,0.019228630596338003,-5.142672255212255e-05,-0.010099309219374955,0.00871042542469118,True
0,HGB,balanced,age,iso_group,[30-40),493,24,0.0486815415821501,0.07737212712080709,0.03733332299345915,0.020566647766791412,0.05600391639711668,0.028690585538656985,0.009348278789553308,0.04501329487515915,False
0,HGB,balanced,age,iso_group,[90-100),350,29,0.08285714285714285,0.10750110570544008,0.02464396284829707,0.005915966386554487,0.05274060150375923,0.02464396284829723,-0.011335249889429456,0.053118310482087566,True
0,HGB,balanced,age,iso_group,[10-20),103,6,0.05825242718446602,0.057806986442496704,0.03129001792499371,0.032317391003218635,0.10091780624390342,-0.00044544074196931766,-0.04066038935092503,0.03809908730784109,False
0,HGB,balanced,age,iso_group,[0-10),28,1,0.03571428571428571,0.012415740751237164,0.039459304059896096,0.007952899460278322,0.11323146033557795,-0.023298544963048548,-0.0981247518539748,0.016408804245418792,False
0,HGB,balanced,gender,raw,Female,7442,641,0.08613276001074979,0.4036519380884727,0.31751917807772295,0.31095821923360495,0.32380720239453187,0.3175191780777229,0.3112522618739978,0.32468539165879073,True
0,HGB,balanced,gender,raw,Male,6556,616,0.09395973154362416,0.3993143292373468,0.30535459769372253,0.29727314912432157,0.3133740788600039,0.30535459769372264,0.2985232138339455,0.3127145499282667,True
0,HGB,balanced,gender,platt_global,Female,7442,641,0.08613276001074979,0.09136570555219992,0.008447685477534207,0.00839470210774066,0.017103308144574177,0.005232945541450124,-0.0004886954755189145,0.010232460062566756,True
0,HGB,balanced,gender,platt_global,Male,6556,616,0.09395973154362416,0.08975635164497127,0.015218783058617104,0.012157417810166804,0.02537259495694869,-0.004203379898652895,-0.011599193882375097,0.002677883327751658,True
0,HGB,balanced,gender,iso_global,Female,7442,641,0.08613276001074979,0.09164361583836987,0.008151291506671092,0.008437947642298403,0.016315526477839164,0.005510855827620079,-0.001033520503708264,0.011220718176449006,True
0,HGB,balanced,gender,iso_global,Male,6556,616,0.09395973154362416,0.08939144497769727,0.00890990872859182,0.007394042090902414,0.017652144096392958,-0.004568286565926893,-0.011630279308067374,0.0005681911061018459,True
0,HGB,balanced,gender,platt_group,Female,7442,641,0.08613276001074979,0.09222948274144206,0.009634018455430214,0.008514840838841823,0.018353473454497917,0.0060967227306922694,0.0009083199557699911,0.011406081052196895,True
0,HGB,balanced,gender,platt_group,Male,6556,616,0.09395973154362416,0.08861104326750108,0.015294587327865199,0.01288361289240463,0.024883300021827887,-0.005348688276123087,-0.013402215219679868,0.0016903763350908972,True
0,HGB,balanced,gender,iso_group,Female,7442,641,0.08613276001074979,0.09222811439186968,0.008009168256371092,0.006497905507462323,0.015588841221972991,0.006095354381119883,0.00042154805132411656,0.011685854041541828,True
0,HGB,balanced,gender,iso_group,Male,6556,616,0.09395973154362416,0.0890736198077123,0.006636546102863756,0.005915847895495799,0.01484747757280467,-0.004886111735911858,-0.010966083343602821,0.002123192270854472,True
